f_gru;f_drop;s_gru;f_dense;s_dense;s_drop;t_dense;test_loss
128;0.5;32;128;128;0.2;32;2.392422914505005
156;0.5;128;32;96;0.2;32;2.349749803543091
