f_gru;f_drop;s_gru;f_dense;s_dense;s_drop;t_dense;test_loss
64;0.5;156;128;96;0.4;96;2.1412293910980225
156;0.3;32;128;96;0.2;96;2.0258004665374756
