name,seconds,found,how,artist,title,album,album_artist,year,release_group_id,release_id,file,verified,notes
2Pac - Ambitionz Az A Ridah.mp3,278.5,filed,artist+title,2Pac,Ambitionz az a Ridah,All Eyes on Me,2Pac,1996,e2621417-9236-36b4-9f9e-376c416dc4b0,1e8ae79e-d45d-4074-ad7a-df144815488e,/mnt/pangea/Music/2Pac/All Eyes on Me/01 - Ambitionz az a Ridah.mp3,,
2Pac - California Love.mp3,285.3,filed,artist+title,2Pac feat. Dr. Dre & Roger Troutman,California Love (remix),California Love,2Pac feat. Dr. Dre & Roger Troutman,1995,c1cbd46a-4cfe-365a-925f-d254722704d6,bdaa6d16-644a-41bf-8020-589027819730,/mnt/pangea/Music/2Pac feat. Dr. Dre & Roger Troutman/California Love/01 - California Love (remix).mp3,,
2Pac - Hit 'em Up.mp3,312.6,filed,artist+title,2Pac featuring The Outlawz,Hit ’Em Up,How Do U Want It,2Pac featuring K‐Ci & JoJo,1996,a85943fe-efe7-36d2-91de-a0ca2e406a7c,df054c59-44a8-48f0-aea1-2bf81138f98d,/mnt/pangea/Music/2Pac featuring K‐Ci & JoJo/How Do U Want It/04 - Hit ’Em Up.mp3,,
2Pac - Holler If Ya Hear Me.mp3,278.9,filed,artist+title,2Pac,Holler If Ya Hear Me (New York Stretch mix),Holler If Ya Hear Me,2Pac,1993,e5d4f585-2a3b-4669-96b1-5d82ea19ec1e,091ab31c-f4c8-4240-a31d-9c8d5edb4f5c,/mnt/pangea/Music/2Pac/Holler If Ya Hear Me/02 - Holler If Ya Hear Me (New York Stretch mix).mp3,,
2Pac - Keep Ya Head Up.mp3,262.5,filed,artist+title,2Pac,Keep Ya Head Up,Strictly 4 My N.I.G.G.A.Z…,2Pac,1993,41667bb1-8357-3c10-b8e0-e9db66aceebc,ec41a23a-66f4-43f9-af29-74a3a0a17154,/mnt/pangea/Music/2Pac/Strictly 4 My N.I.G.G.A.Z…/11 - Keep Ya Head Up.mp3,,
2Pac - Smile.mp3,,—,,,,,,,,,,,
2Pac - Thug 4 Life.mp3,183.9,filed,artist+title,2Pac,Thug 4 Life,Loyal to the Game,2Pac,2004,2f7ee0ad-05ff-360a-9eb7-b5a05f8fe084,1e9fa240-4ed3-4dd3-a305-30679ddeab4c,/mnt/pangea/Music/2Pac/Loyal to the Game/04 - Thug 4 Life.mp3,,
3 Doors Down - Here Without You.mp3,238.6,filed,artist+title,3 Doors Down,Here Without You,Away From the Sun,3 Doors Down,2002,8f4d4f05-36ed-3c81-86a7-aae2a03b1520,29c659f1-352a-417b-9b52-ab9b202ad22c,/mnt/pangea/Music/3 Doors Down/Away From the Sun/06 - Here Without You.mp3,,
3 doors down - Away from the sun.mp3,233.3,filed,artist+title,3 Doors Down,Away From the Sun,Away From the Sun,3 Doors Down,2002,8f4d4f05-36ed-3c81-86a7-aae2a03b1520,29c659f1-352a-417b-9b52-ab9b202ad22c,/mnt/pangea/Music/3 Doors Down/Away From the Sun/02 - Away From the Sun.mp3,,
3 doors down - Let me go.mp3,261.9,filed,artist only,3 Doors Down,When I’m Gone,Away From the Sun,3 Doors Down,2002,8f4d4f05-36ed-3c81-86a7-aae2a03b1520,29c659f1-352a-417b-9b52-ab9b202ad22c,/mnt/pangea/Music/3 Doors Down/Away From the Sun/01 - When I’m Gone.mp3,,
3 doors down - Love me when I'm gone.mp3,251.0,filed,artist only,3 Doors Down,When I’m Gone,When I'm Gone,3 Doors Down,2002,93075ecf-1f68-3055-bb29-b9706c5f6fc2,675fbd9c-e0f9-4b45-8be4-e91a4ddf2974,/mnt/pangea/Music/3 Doors Down/When I'm Gone/01 - When I’m Gone.mp3,,
883 - Come mai.mp3,255.7,filed,artist+title,883,Come mai,Nord sud ovest est,883,1993,3d90b0e3-d2c7-36d8-abba-2aab0f9868e4,3e2904db-a85a-4c77-ab6e-f758c3a4bbbf,/mnt/pangea/Music/883/Nord sud ovest est/04 - Come mai.mp3,,
883 - Hanno ucciso l'uomo ragno.mp3,250.5,filed,artist+title,883,Hanno ucciso l’Uomo Ragno,Hanno ucciso l'Uomo Ragno,883,1992,5113397e-c524-35ee-936a-79828e3397ec,f04adf7b-290d-4fb8-b563-b4c4df5071d7,/mnt/pangea/Music/883/Hanno ucciso l'Uomo Ragno/05 - Hanno ucciso l’Uomo Ragno.mp3,,
883 - La regola dell'amico.mp3,247.6,filed,artist+title,883,La regola dell'amico,La dura legge del gol!,883,1997,826dce9f-4b4c-3dcc-9c70-9355c085e907,a2683e2a-3335-4c93-9d78-5af33202a81e,/mnt/pangea/Music/883/La dura legge del gol!/02 - La regola dell'amico.mp3,,
883 - Lo strano percorso.mp3,,—,,,,,,,,,,,
883 - Nessun rimpianto.mp3,262.6,filed,artist+title,883,Nessun rimpianto (?),La dura legge del gol!,883,1997,826dce9f-4b4c-3dcc-9c70-9355c085e907,a2683e2a-3335-4c93-9d78-5af33202a81e,/mnt/pangea/Music/883/La dura legge del gol!/03 - Nessun rimpianto (_).mp3,,
883 - Nient'altro che noi.mp3,273.5,filed,artist+title,883,Nient’altro che noi,Grazie mille,883,1999,32ce0c62-8128-3213-9469-7ec9d9e6ebf6,db0680ce-0896-40d4-95b3-617a09d9d597,/mnt/pangea/Music/883/Grazie mille/05 - Nient’altro che noi.mp3,,
883 - Sei un mito.mp3,308.7,filed,artist+title,883,Sei un mito,Nord sud ovest est,883,1993,3d90b0e3-d2c7-36d8-abba-2aab0f9868e4,3e2904db-a85a-4c77-ab6e-f758c3a4bbbf,/mnt/pangea/Music/883/Nord sud ovest est/02 - Sei un mito.mp3,,
883 - Ti sento vivere.mp3,237.7,filed,artist+title,883,Ti sento vivere,"La donna, il sogno & il grande incubo",883,1995,47c440a0-b954-3c2b-ab7a-d1a479f242cc,8dea7f7b-88c7-3871-b2cd-08192bf036a1,"/mnt/pangea/Music/883/La donna, il sogno & il grande incubo/03 - Ti sento vivere.mp3",,
883 - Una canzone d'amore.mp3,334.0,filed,artist+title,883,Una canzone d’amore,"La donna, il sogno & il grande incubo",883,1995,47c440a0-b954-3c2b-ab7a-d1a479f242cc,8dea7f7b-88c7-3871-b2cd-08192bf036a1,"/mnt/pangea/Music/883/La donna, il sogno & il grande incubo/02 - Una canzone d’amore.mp3",,
99 posse - Curre curre guagliò.mp3,323.2,filed,artist+title,99 Posse,Curre curre guaglió,Curre curre guaglió,99 Posse,1993,1b2907ae-af9b-33c3-ba9f-17ea31b2ba31,52fa30cf-85a6-4d20-976e-89f08231c135,/mnt/pangea/Music/99 Posse/Curre curre guaglió/02 - Curre curre guaglió.mp3,,
A Great Big World & Christina Aguilera - Say Something.mp3,231.3,filed,artist+title,A Great Big World & Christina Aguilera,Say Something,Is There Anybody Out There?,A Great Big World,2014,63f697ae-126b-4776-8ac9-0e550e996f5f,5e82cd92-11c8-47bb-a793-f12273eed7f9,/mnt/pangea/Music/A Great Big World/Is There Anybody Out There_/13 - Say Something.mp3,,
ACDC - Back in black.mp3,254.4,filed,artist+title,AC/DC,Back in Black,Back in Black,AC/DC,1980,d3bc1a64-7561-3787-b680-0003aa50f8f1,c4b5006f-46e5-4bde-b847-0080002eb57c,/mnt/pangea/Music/AC_DC/Back in Black/01 - Back in Black.mp3,,
ACDC - Burnin alive.mp3,305.6,filed,artist+title,AC/DC,Burnin’ Alive,Ballbreaker,AC/DC,1995,46fd6f83-e94a-3060-8457-13b8ea8e1262,1e989875-09a0-4826-aa47-e298da34723e,/mnt/pangea/Music/AC_DC/Ballbreaker/06 - Burnin’ Alive.mp3,,
ACDC - Hard as a rock.mp3,271.2,filed,artist+title,AC/DC,Hard as a Rock,Ballbreaker,AC/DC,1995,46fd6f83-e94a-3060-8457-13b8ea8e1262,1e989875-09a0-4826-aa47-e298da34723e,/mnt/pangea/Music/AC_DC/Ballbreaker/01 - Hard as a Rock.mp3,,
ACDC - Hells bells.mp3,312.5,filed,artist+title,AC/DC,Hells Bells,Back in Black,AC/DC,1980,d3bc1a64-7561-3787-b680-0003aa50f8f1,c4b5006f-46e5-4bde-b847-0080002eb57c,/mnt/pangea/Music/AC_DC/Back in Black/01 - Hells Bells.mp3,,
ACDC - Highway to hell.mp3,208.2,filed,artist+title,AC/DC,Highway to Hell,Highway to Hell,AC/DC,1979,f85647ec-a69b-3b0a-ad04-bb6076c4dcf1,9f861c40-cd08-47a0-90e6-90a69224d6c2,/mnt/pangea/Music/AC_DC/Highway to Hell/01 - Highway to Hell.mp3,,
ACDC - I love rock and roll.mp3,,—,,,,,,,,,,,
"ACDC - She shook me all night long (Bon Jovi, Metallica, Nirvana, Van Halen, Guns N' Roses).mp3",332.7,filed,artist+title,AC/DC,You Shook Me All Night Long,Back in Black,AC/DC,1980,d3bc1a64-7561-3787-b680-0003aa50f8f1,c4b5006f-46e5-4bde-b847-0080002eb57c,/mnt/pangea/Music/AC_DC/Back in Black/07 - You Shook Me All Night Long.mp3,,
ACDC - Smoke on the water.mp3,296.1,filed,title only,Deep Purple,Smoke on the Water,Machine Head,Deep Purple,1972,d00243c5-adcf-3018-9aa7-1957d7a5a774,0b3d127c-2578-4bcf-a5b6-7088307ba39e,/mnt/pangea/Music/Deep Purple/Machine Head/05 - Smoke on the Water.mp3,,
ACDC - TNT.mp3,214.5,filed,artist+title,AC/DC,T.N.T.,T.N.T.,AC/DC,1975,e01e5b5c-5ca6-3876-b6ff-b9ad88dd71ee,4967f7a3-4b5c-44b1-9b25-358ae10b7706,/mnt/pangea/Music/AC_DC/T.N.T/05 - T.N.T.mp3,,
Adele - Hometown Glory.mp3,215.7,filed,artist+title,Adele,Hometown Glory,Hometown Glory,Adele,2007,cd3d69ab-e3f3-3271-b01f-a2f679ab63ca,1bd91817-89e8-416d-9f85-afd9253e0752,/mnt/pangea/Music/Adele/Hometown Glory/01 - Hometown Glory.mp3,,
Adele - Skyfall.mp3,289.5,filed,artist+title,Adele,Skyfall,Skyfall,Adele,2012,4307ecf9-d0f2-4b95-b7ad-2f8cba84a5e9,6a167529-9580-4f70-bf87-182059cfe94b,/mnt/pangea/Music/Adele/Skyfall/01 - Skyfall.mp3,,
Adele - Someone Like You.mp3,285.3,filed,artist+title,Adele,Someone Like You,21,Adele,2011,e4174758-d333-4a8e-a31f-dd0edd51518e,62508361-e078-4ca8-ade6-5f42a7d2f988,/mnt/pangea/Music/Adele/21/11 - Someone Like You.mp3,,
Aerosmith & Santana - Just Feel Better.mp3,253.0,filed,artist+title,Santana featuring Steven Tyler,Just Feel Better,Greatest Hits,Aerosmith,2008,fecf840e-ea5e-4867-bfac-6ff1e2109a64,ece9e334-e9d6-4140-b033-c21190a4f3dd,/mnt/pangea/Music/Aerosmith/Greatest Hits/18 - Just Feel Better.mp3,,
Aerosmith - Amazing.mp3,335.7,filed,artist+title,Aerosmith,Amazing (orchestral version),Crazy,Aerosmith,1994,4646d3f8-4c47-3ba9-8765-e514cd93de52,3eade17d-c508-4b15-bd89-221a60cf6096,/mnt/pangea/Music/Aerosmith/Crazy/04 - Amazing (orchestral version).mp3,,
Aerosmith - Crazy.mp3,319.4,filed,artist+title,Aerosmith,Crazy,Get a Grip,Aerosmith,1993,73c6a7b0-1dc2-3ddc-a720-c29505271711,e2fe61d0-5963-4de3-bd82-f397cc00cbf8,/mnt/pangea/Music/Aerosmith/Get a Grip/03 - Crazy.mp3,,
Aerosmith - Girls of Summer.mp3,195.1,filed,artist+title,Aerosmith,Girls of Summer,Girls of Summer,Aerosmith,2002,d3ee70a1-6dda-4c78-9683-4b6cecaa909c,e595d603-2327-4b6e-9084-8589e179fa7a,/mnt/pangea/Music/Aerosmith/Girls of Summer/01 - Girls of Summer.mp3,,
Aerosmith - I Don't Want to Miss a Thing.mp3,268.7,filed,artist+title,Aerosmith,I Don’t Want to Miss a Thing,Nine Lives,Aerosmith,1998,7b30dd01-ee8f-392c-862d-4598e46b83f8,6d47e6cf-7317-45c4-9298-e267c7ed5b65,/mnt/pangea/Music/Aerosmith/Nine Lives/15 - I Don’t Want to Miss a Thing.mp3,,
Aerosmith - Jaded.mp3,214.3,filed,artist+title,Aerosmith,Jaded,Just Push Play,Aerosmith,2001,2fb275a3-1cd9-33b6-95e4-70fe3f092649,1c1181a5-9297-4d91-817e-f855f3db1bfd,/mnt/pangea/Music/Aerosmith/Just Push Play/03 - Jaded.mp3,,
Aerosmith - Sweet Emotion.mp3,309.4,filed,artist+title,Aerosmith,Sweet Emotion,Toys in the Attic,Aerosmith,1975,d03bb6b1-d7b4-38ea-974e-847cbb31dca4,25a7c583-e82c-4306-a7f0-ee53cd66b837,/mnt/pangea/Music/Aerosmith/Toys in the Attic/06 - Sweet Emotion.mp3,,
Aerosmith - What Could Have Been Love.mp3,224.4,filed,artist+title,Aerosmith,What Could Have Been Love,Music From Another Dimension!,Aerosmith,2012,1ffa5a81-67c9-4e39-af6e-fcb4b101ddef,08a36aae-f60a-41b6-bcf1-887cf2b5c444,/mnt/pangea/Music/Aerosmith/Music From Another Dimension!/07 - What Could Have Been Love.mp3,,
Albano & Romina Power - Felicità.mp3,258.1,filed,artist+title,Al Bano & Romina Power,Felicità,Felicità,Al Bano & Romina Power,1982,54eaf53e-c60b-4ba5-a4b2-55808e805d19,155d5d06-fd58-41c8-a653-4e116f7beaeb,/mnt/pangea/Music/Al Bano & Romina Power/Felicità/02 - Felicità.mp3,,
Alessio & Raffaello - Sms.mp3,,—,,,,,,,,,,,
Alessio & Raffaello - Vai reggina.mp3,,—,,,,,,,,,,,
Alessio - Buon compleanno.mp3,,—,,,,,,,,,,,
Alessio - Emozioni al telefono.mp3,,—,,,,,,,,,,,
Alessio - Ma si vene stasera.mp3,,—,,,,,,,,,,,
Alicia Keys - Doesn't Mean Anything.mp3,236.5,filed,artist+title,Alicia Keys,Doesn’t Mean Anything,The Element of Freedom,Alicia Keys,2009,ff3f4515-0c8d-4779-9217-e5c11eadce13,83944407-7bad-42ed-85a2-b9226cd38312,/mnt/pangea/Music/Alicia Keys/The Element of Freedom/03 - Doesn’t Mean Anything.mp3,,
Alicia Keys - Girl On Fire.mp3,182.7,filed,artist+title,Alicia Keys featuring Nicki Minaj,Girl on Fire (Inferno version),Girl on Fire,Alicia Keys,2012,72e91c16-284c-43ad-b998-0212f81e1ccb,cba3b1df-e578-40e4-b699-95079db817d2,/mnt/pangea/Music/Alicia Keys/Girl on Fire/06 - Girl on Fire (Inferno version).mp3,,
Alicia Keys - No One.mp3,255.0,filed,artist+title,Alicia Keys,No One,As I Am,Alicia Keys,2007,b8387dc6-5576-3984-abea-8f54f7c53489,0c0af23b-9189-4f87-b5a9-e243a94654cb,/mnt/pangea/Music/Alicia Keys/As I Am/04 - No One.mp3,,
Aloud - Sex and sun.mp3,469.3,filed,artist+title,Aloud,Sex & Sun,Aloud,Aloud,2004,245bbaa1-295e-3821-b13c-0297f8670c64,47f9810e-1854-4330-84dc-796b35aaffa8,/mnt/pangea/Music/Aloud/Aloud/03 - Sex & Sun.mp3,,
Alter Bridge - In loving memory.mp3,340.1,filed,artist+title,Alter Bridge,In Loving Memory,One Day Remains,Alter Bridge,2004,23885e42-01ca-348b-81f9-b3077b3c8a5e,ddc245fe-89a3-4c71-b49c-d3c69a3c157d,/mnt/pangea/Music/Alter Bridge/One Day Remains/07 - In Loving Memory.mp3,,
Alunni del sole - ... e mi manchi tanto.mp3,188.1,filed,artist+title,Alunni del sole,…E mi manchi tanto...,...E mi manchi tanto,Alunni del sole,1973,99301aa3-6481-4ea1-97a2-61a39969ef86,28150ed9-47c4-41ac-9c4d-a0a9d9b92635,/mnt/pangea/Music/Alunni del sole/...E mi manchi tanto/01 - …E mi manchi tanto.mp3,,
Alunni del sole - A canzuncella.mp3,269.3,filed,artist+title,Alunni del sole,'A canzuncella,...E risalire il tempo,Alunni del sole,2005,ee122b4d-e653-4f4f-8436-4454ef394a67,92b6490e-7a1a-4385-99b6-f3b112266782,/mnt/pangea/Music/Alunni del sole/...E risalire il tempo/10 - 'A canzuncella.mp3,,
Alunni del sole - Concerto.mp3,204.0,filed,artist+title,Alunni del sole,Concerto,...E mi manchi tanto,Alunni del sole,1973,99301aa3-6481-4ea1-97a2-61a39969ef86,28150ed9-47c4-41ac-9c4d-a0a9d9b92635,/mnt/pangea/Music/Alunni del sole/...E mi manchi tanto/05 - Concerto.mp3,,
Alunni del sole - Donna felicità.mp3,359.8,filed,title only,I Nuovi Angeli,Donna felicità,I nuovi angeli,I Nuovi Angeli,1972,1d86755d-add8-4516-a4d3-30c99b48bb89,e25b50d5-3775-449c-b8c9-40175fbf467f,/mnt/pangea/Music/I Nuovi Angeli/I nuovi angeli/10 - Donna felicità.mp3,,
Alunni del sole - Guardi me e vedi lui.mp3,297.4,filed,artist+title,Alunni del sole,Guardi me e vedi lui,I successi,Alunni del sole,1995,a87a4201-52d0-40dc-b9b4-b98251540a80,0c0c4a1e-d105-4845-9a9f-f22305652b95,/mnt/pangea/Music/Alunni del sole/I successi/13 - Guardi me e vedi lui.mp3,,
Alunni del sole - Isa Isabella.mp3,218.1,filed,artist+title,Alunni del sole,Isa…Isabella,...E mi manchi tanto,Alunni del sole,1973,99301aa3-6481-4ea1-97a2-61a39969ef86,28150ed9-47c4-41ac-9c4d-a0a9d9b92635,/mnt/pangea/Music/Alunni del sole/...E mi manchi tanto/02 - Isa…Isabella.mp3,,
Alunni del sole - L'aquilone.mp3,201.3,filed,artist+title,Alunni del sole,L’aquilone,...E mi manchi tanto,Alunni del sole,1973,99301aa3-6481-4ea1-97a2-61a39969ef86,28150ed9-47c4-41ac-9c4d-a0a9d9b92635,/mnt/pangea/Music/Alunni del sole/...E mi manchi tanto/03 - L’aquilone.mp3,,
Alunni del sole - Liù.MP3,237.3,filed,artist+title,Alunni del sole,Liù,Liù,Alunni del sole,1978,6104daff-96be-30e5-8f2d-17e4bac7ad41,c73605b9-b3d4-46b4-a008-e33ddaca0f54,/mnt/pangea/Music/Alunni del sole/Liù/05 - Liù.mp3,,
Alunni del sole - Miele.mp3,221.6,filed,title only,Il giardino dei semplici,Miele,Settelune,Il giardino dei semplici,2011,f55b82b7-2c1a-41fa-a7a4-c39ead043b36,7b1ccd70-7eef-4d37-8937-f3def99214bc,/mnt/pangea/Music/Il giardino dei semplici/Settelune/08 - Miele.mp3,,
Alunni del sole - Pagliaccio.mp3,189.7,filed,artist+title,Alunni del sole,Pagliaccio,Le maschere infuocate,Alunni del sole,1976,3bb0bc74-cb5e-412d-8ac2-ec23477ba3bb,1fe24c2f-24f1-4269-b57e-ead68d85232f,/mnt/pangea/Music/Alunni del sole/Le maschere infuocate/01 - Pagliaccio.mp3,,
Amedeo Minghi - Desideria.mp3,301.1,filed,artist+title,"Amedeo Minghi e Orchestra e Coro de ""I Ricordi del Cuore""",Desideria,Il fantastico mondo di Fantaghirò,Amedeo Minghi,2011,5cf98c0d-7b97-4d5f-baaf-fe5d17d745c0,ee0ccda3-91e6-4bc3-80cb-285868b15384,/mnt/pangea/Music/Amedeo Minghi/Il fantastico mondo di Fantaghirò/04 - Desideria.mp3,,
Anastacia - Everything burns.mp3,223.1,filed,artist+title,Ben Moody feat. Anastacia,Everything Burns,Pieces of a Dream,Anastacia,2004,4da0f9a2-73a6-3683-9665-5db9ab1a85c5,211a1ee3-ac80-4246-a9e6-51aae1e2bb19,/mnt/pangea/Music/Anastacia/Pieces of a Dream/13 - Everything Burns.mp3,,
Anastacia - Left outside alone.mp3,236.9,filed,artist+title,Anastacia,"Left Outside Alone, Part 2",Resurrection,Anastacia,2014,cdda8bc5-45d2-4a1d-9fca-22f1900b4c9e,7c6edce3-54a1-453e-9ee3-11b2d1102f5e,"/mnt/pangea/Music/Anastacia/Resurrection/14 - Left Outside Alone, Part 2.mp3",,
Anastacia - Pieces of a dream.mp3,243.2,filed,artist+title,Anastacia,Pieces of a Dream,Pieces of a Dream,Anastacia,2003,8992ffed-8262-4e9a-881f-3a1a6f5cec4b,7b9c01b6-c6e8-49ad-998e-fd702320f489,/mnt/pangea/Music/Anastacia/Pieces of a Dream/01 - Pieces of a Dream.mp3,,
Anastasia - Sick and tired.mp3,210.0,filed,artist+title,Anastacia,Sick and Tired,Anastacia,Anastacia,2004,5a71bb55-f0ec-3439-9e85-3a4b41cfba1d,dbf3015d-4a84-417c-b039-492e11faf687,/mnt/pangea/Music/Anastacia/Anastacia/04 - Sick and Tired.mp3,,
Andrea Boccelli & Giorgia - Vivo per lei.mp3,265.6,filed,artist+title,Andrea Bocelli feat. Giorgia,Vivo per lei,Bocelli,Andrea Bocelli,1995,76bc91d2-d8c6-3dd1-905c-c7572e3f3aff,556be8fd-92c7-4e21-bb22-4465699ea6ca,/mnt/pangea/Music/Andrea Bocelli/Bocelli/07 - Vivo per lei.mp3,,
Anna Oxa & Fausto Leali - Ti lascerò.mp3,244.3,filed,title only,Fausto Leali & Anna Oxa,Ti lascerò,Leali,Fausto Leali,1989,48fa77dc-f92e-466f-90e4-5991ee206b28,0eee7671-8a9b-4209-b593-6101217eb75a,/mnt/pangea/Music/Fausto Leali/Leali/06 - Ti lascerò.mp3,,
Anna Oxa - Donna con te.mp3,240.4,filed,artist+title,Anna Oxa,Donna con te,Do di petto,Anna Oxa,1993,214eb424-4fdd-394d-8fb6-e6614901999f,8f943b11-51cc-4295-b117-e628e08c0974,/mnt/pangea/Music/Anna Oxa/Do di petto/06 - Donna con te.mp3,,
Anna Oxa - E' tutto un attimo.mp3,241.9,filed,artist+title,Anna Oxa,È tutto un attimo,È tutto un attimo,Anna Oxa,1986,02c405eb-cbec-3cbe-8e72-3d1d01b5d946,af252772-5fe8-4601-a3e4-6030c82f0f70,/mnt/pangea/Music/Anna Oxa/È tutto un attimo/01 - È tutto un attimo.mp3,,
Anna Oxa - Quando nasce un amore.mp3,241.0,filed,artist+title,Anna Oxa,Quando nasce un amore,Pensami per te,Anna Oxa,1988,40479fef-79d7-4c0c-88aa-60d2d1541500,d23ee053-dc8f-4062-8f16-c6f830726bee,/mnt/pangea/Music/Anna Oxa/Pensami per te/05 - Quando nasce un amore.mp3,,
Anna Oxa - Un'emozione da poco.mp3,252.1,filed,artist+title,Anna Oxa,Un’emozione da poco,oXanna,Anna Oxa,1978,b984d87e-81e9-3229-be55-582ef4817d07,c63620c0-c4aa-4677-a5f1-b423bc8c2e1f,/mnt/pangea/Music/Anna Oxa/oXanna/01 - Un’emozione da poco.mp3,,
Anthrax & Public Enemy - Bring the noise.mp3,213.1,filed,artist+title,Anthrax,Bring the Noise,Bring the Noise,Anthrax featuring Chuck D from Public Enemy,1991,81280368-6389-3a31-a221-00fd13e52f9c,243541a3-6b5a-4c18-b5bc-cbafe9bfc9c5,/mnt/pangea/Music/Anthrax featuring Chuck D from Public Enemy/Bring the Noise/01 - Bring the Noise.mp3,,
Anthrax - Antisocial.mp3,265.3,filed,artist+title,Anthrax,Antisocial,State Of Euphoria,Anthrax,1988,817163c9-8a98-37eb-82bb-53c761031da6,e9f023d5-4fa8-4d5c-ab1e-b38fef3970e1,/mnt/pangea/Music/Anthrax/State Of Euphoria/04 - Antisocial.mp3,,
Anthrax - Got the time.mp3,164.0,filed,artist+title,Anthrax,Got the Time,Persistence of Time,Anthrax,1990,ea25c463-c8e7-3f2b-8ec9-d883ed227e25,80efec12-7e28-4de4-8e01-2ba13a32019d,/mnt/pangea/Music/Anthrax/Persistence of Time/03 - Got the Time.mp3,,
Anthrax - I am the law.mp3,353.9,filed,artist+title,Anthrax,I Am the Law,Among The Living,Anthrax,1987,413bc69f-9391-3fe3-802b-5bf4922f6066,5d1522e5-a410-4e16-ac22-6b7c55c38060,/mnt/pangea/Music/Anthrax/Among The Living/03 - I Am the Law.mp3,,
Anthrax - Madhouse.mp3,259.7,filed,artist+title,Anthrax,Madhouse,Spreading the Disease,Anthrax,1985,5ebc6b4f-6b03-3202-86ac-a999408143fe,b2185ade-f494-44af-b1b5-79a34046ef59,/mnt/pangea/Music/Anthrax/Spreading the Disease/03 - Madhouse.mp3,,
Anthrax - Raw is war.mp3,,—,,,,,,,,,,,
Antonello Venditti - Amici mai.mp3,321.2,filed,artist+title,Antonello Venditti,Amici mai,Benvenuti in paradiso,Antonello Venditti,1991,67eaa1e4-87eb-348a-8146-81a128fc97cc,7aab6327-0da6-40a6-b2e4-dcce7d5b62f7,/mnt/pangea/Music/Antonello Venditti/Benvenuti in paradiso/05 - Amici mai.mp3,,
Antonello Venditti - Che tesoro che sei.mp3,327.2,filed,artist+title,Antonello Venditti,Che tesoro che sei,Goodbye N9vecento,Antonello Venditti,1999,3f14199b-0ea1-3cc6-9a1f-20f66ba1492b,dd0c4d51-4c69-4105-807b-aaa54ee364c3,/mnt/pangea/Music/Antonello Venditti/Goodbye N9vecento/04 - Che tesoro che sei.mp3,,
Antonello Venditti - Notte prima degli esami.mp3,,—,,,,,,,,,,,
Antonello Venditti - Quanto sei bella Roma.mp3,,—,,,,,,,,,,,
Antonello Venditti - Ricordati di me.mp3,307.4,filed,artist+title,Antonello Venditti,Ricordati di me (LIVE),Daje! (Live),Antonello Venditti,2026,4c4e143f-b80d-4930-a7bb-9a2073e4d46b,db27aafa-4859-4f97-b9ed-15d012fe1c3b,/mnt/pangea/Music/Antonello Venditti/Daje! (Live)/06 - Ricordati di me (LIVE).mp3,,
Antonello Venditti - Roma Capoccia.mp3,292.2,filed,artist+title,Antonello Venditti,Roma capoccia,Theorius campus,Antonello Venditti & Francesco De Gregori,1972,93c028d3-9281-35c4-a2fa-8188abcd8904,1ad89e7f-5a27-4c7f-bebc-567c7cf872eb,/mnt/pangea/Music/Antonello Venditti & Francesco De Gregori/Theorius campus/04 - Roma capoccia.mp3,,
Antonino Spadaccino - Ce la farò.mp3,196.7,filed,title only,Antonino,Ce la farò,Antonino,Antonino,2006,851c5358-2151-39c8-88e7-cb444efa4559,20f2b564-8cd7-4200-91e0-c6489863df93,/mnt/pangea/Music/Antonino/Antonino/05 - Ce la farò.mp3,,
Aqua - Barbie Girl.mp3,194.7,filed,artist+title,Aqua,Barbie Girl,Aquarium,Aqua,1997,67d4ee24-800d-3d6b-8116-3315f3be10e2,5796a892-eef9-42c2-9cbe-394605a23e83,/mnt/pangea/Music/Aqua/Aquarium/03 - Barbie Girl.mp3,,
Aqua - My oh my.mp3,204.7,filed,artist+title,Aqua,My Oh My,Aquarium,Aqua,1997,67d4ee24-800d-3d6b-8116-3315f3be10e2,5796a892-eef9-42c2-9cbe-394605a23e83,/mnt/pangea/Music/Aqua/Aquarium/02 - My Oh My.mp3,,
Ariana Grande & Zedd - Break Free.mp3,214.4,filed,artist+title,Ariana Grande featuring Zedd,Break Free,My Everything,Ariana Grande,2014,17fd3576-b584-4f32-8ff0-12206d4cb66c,338a3380-c057-4e55-9b34-46d0a4fca007,/mnt/pangea/Music/Ariana Grande/My Everything/05 - Break Free.mp3,,
Articolo 31 - Barbecue.mp3,182.0,filed,artist+title,Articolo 31,Barbecue,La riconquista del forum,Articolo 31,2004,a18ffaa2-da86-3419-b5ff-f3f846e0b23f,564c1675-71d9-4ba3-8551-e06ffbc61710,/mnt/pangea/Music/Articolo 31/La riconquista del forum/02 - Barbecue.mp3,,
Articolo 31 - I consigli di un pirla.mp3,215.7,filed,artist+title,Articolo 31,I consigli di un pirla,Italiano medio,Articolo 31,2003,6bccab4d-81df-33fc-a12e-1fde4f947748,1e50fe94-1f57-4ef0-b45d-626f73e069a7,/mnt/pangea/Music/Articolo 31/Italiano medio/09 - I consigli di un pirla.mp3,,
Articolo 31 - La mia ragazza mena.mp3,195.8,filed,artist+title,Articolo 31,La mia ragazza mena,Italiano medio,Articolo 31,2003,6bccab4d-81df-33fc-a12e-1fde4f947748,1e50fe94-1f57-4ef0-b45d-626f73e069a7,/mnt/pangea/Music/Articolo 31/Italiano medio/03 - La mia ragazza mena.mp3,,
Articolo 31 - Tocca qui.mp3,264.2,filed,artist+title,Articolo 31,Tocca qui,Strade di città,Articolo 31,1993,ce5c268c-7afa-35db-b7a9-ff6f4a04dcd6,4333d0f8-2f8d-4c59-8a76-52d7c27ec814,/mnt/pangea/Music/Articolo 31/Strade di città/08 - Tocca qui.mp3,,
Aventura - Obsession.mp3,264.4,filed,artist+title,Aventura,Obsesión,We Broke the Rules,Aventura,2002,81809439-7ead-3873-bbeb-391fdcaa30cd,a33ffece-9275-4c6f-b7fc-3c03f340ae07,/mnt/pangea/Music/Aventura/We Broke the Rules/01 - Obsesión.mp3,,
Avicii & Aloe Blacc - Wake Me Up.mp3,249.7,filed,artist+title,Avicii,Wake Me Up,True,Avicii,2013,61180839-f4a7-407f-b86f-24c48eef4066,473c5dcc-e31a-49ed-b46f-d0bc1d64858e,/mnt/pangea/Music/Avicii/True/01 - Wake Me Up.mp3,,
Avril Lavigne & Chad Kroeger - Let Me Go.mp3,268.5,filed,artist+title,Avril Lavigne feat. Chad Kroeger,Let Me Go,Avril Lavigne,Avril Lavigne,2013,f8c7022d-2cb2-4e19-bd46-b0e9460347a5,2e7dd2ba-9402-40cf-bd08-c3a16366a1c6,/mnt/pangea/Music/Avril Lavigne/Avril Lavigne/05 - Let Me Go.mp3,,
Avril Lavigne - Complicated.mp3,244.6,filed,artist+title,Avril Lavigne,Complicated,Let Go,Avril Lavigne,2002,0837aca2-319e-3f2f-a2d3-c525802068d6,91814961-c788-45be-9c2a-78b605db272b,/mnt/pangea/Music/Avril Lavigne/Let Go/02 - Complicated.mp3,,
Avril Lavigne - Don't tell me.mp3,210.9,filed,artist+title,Avril Lavigne,Don’t Tell Me,Under My Skin,Avril Lavigne,2004,b0b44108-b4d7-363a-9417-bfaaf0ce9f3f,fc3241dc-51f1-4866-9019-db6b2f98b053,/mnt/pangea/Music/Avril Lavigne/Under My Skin/03 - Don’t Tell Me.mp3,,
Avril Lavigne - He wasn't.mp3,179.8,filed,artist+title,Avril Lavigne,He Wasn’t,Under My Skin,Avril Lavigne,2004,b0b44108-b4d7-363a-9417-bfaaf0ce9f3f,fc3241dc-51f1-4866-9019-db6b2f98b053,/mnt/pangea/Music/Avril Lavigne/Under My Skin/04 - He Wasn’t.mp3,,
Avril Lavigne - Hot.mp3,203.1,filed,artist+title,Avril Lavigne,Hot,The Best Damn Thing,Avril Lavigne,2007,61456a94-ba4c-3377-b2b9-0d2513e2ba37,9c651b04-5e27-479c-b27a-dca4b271332d,/mnt/pangea/Music/Avril Lavigne/The Best Damn Thing/07 - Hot.mp3,,
Avril Lavigne - I'm with you.mp3,224.0,filed,artist+title,Avril Lavigne,I’m With You,Let Go,Avril Lavigne,2002,0837aca2-319e-3f2f-a2d3-c525802068d6,91814961-c788-45be-9c2a-78b605db272b,/mnt/pangea/Music/Avril Lavigne/Let Go/04 - I’m With You.mp3,,
Avril Lavigne - Innocence.mp3,233.1,filed,artist+title,Avril Lavigne,Innocence,The Best Damn Thing,Avril Lavigne,2007,61456a94-ba4c-3377-b2b9-0d2513e2ba37,9c651b04-5e27-479c-b27a-dca4b271332d,/mnt/pangea/Music/Avril Lavigne/The Best Damn Thing/08 - Innocence.mp3,,
Avril Lavigne - Keep Holding On.mp3,241.1,filed,artist+title,Avril Lavigne,Keep Holding On,The Best Damn Thing,Avril Lavigne,2007,61456a94-ba4c-3377-b2b9-0d2513e2ba37,9c651b04-5e27-479c-b27a-dca4b271332d,/mnt/pangea/Music/Avril Lavigne/The Best Damn Thing/12 - Keep Holding On.mp3,,
Avril Lavigne - Knocking on heavens door.mp3,171.7,filed,artist+title,Avril Lavigne,Knockin’ on Heaven’s Door,Goodbye Lullaby,Avril Lavigne,2011,4ddf87cb-29c0-42ef-bb64-c57d617a8b4a,fc8d0cbd-a4af-4466-a2a2-fedbe18982aa,/mnt/pangea/Music/Avril Lavigne/Goodbye Lullaby/15 - Knockin’ on Heaven’s Door.mp3,,
Avril Lavigne - My Happy Ending.mp3,242.4,filed,artist+title,Avril Lavigne,My Happy Ending,Under My Skin,Avril Lavigne,2004,b0b44108-b4d7-363a-9417-bfaaf0ce9f3f,fc3241dc-51f1-4866-9019-db6b2f98b053,/mnt/pangea/Music/Avril Lavigne/Under My Skin/06 - My Happy Ending.mp3,,
Avril Lavigne - Nobody`s Home.mp3,211.8,filed,artist+title,Avril Lavigne,Nobody’s Home,Under My Skin,Avril Lavigne,2004,b0b44108-b4d7-363a-9417-bfaaf0ce9f3f,6f10a29e-82f8-4e17-99aa-1a047c5f390b,/mnt/pangea/Music/Avril Lavigne/Under My Skin/07 - Nobody’s Home.mp3,,
Avril Lavigne - Tomorrow.mp3,226.7,filed,artist+title,Avril Lavigne,Tomorrow,Let Go,Avril Lavigne,2002,0837aca2-319e-3f2f-a2d3-c525802068d6,91814961-c788-45be-9c2a-78b605db272b,/mnt/pangea/Music/Avril Lavigne/Let Go/07 - Tomorrow.mp3,,
Avril Lavigne - When You're Gone.mp3,240.5,filed,artist+title,Avril Lavigne,When You’re Gone,The Best Damn Thing,Avril Lavigne,2007,61456a94-ba4c-3377-b2b9-0d2513e2ba37,9c651b04-5e27-479c-b27a-dca4b271332d,/mnt/pangea/Music/Avril Lavigne/The Best Damn Thing/05 - When You’re Gone.mp3,,
Avril Lavigne - Why.mp3,240.0,filed,artist+title,Avril Lavigne,Why,Let Go,Avril Lavigne,2002,0837aca2-319e-3f2f-a2d3-c525802068d6,5af51fd2-e78e-492d-bede-e95c3478c34b,/mnt/pangea/Music/Avril Lavigne/Let Go/14 - Why.mp3,,
Backstreet boys - Incomplete.mp3,234.3,filed,artist+title,Backstreet Boys,Incomplete,Never Gone,Backstreet Boys,2005,acbabee9-5c0e-3dc6-837c-7ed7d63d02f7,dbcb6153-4946-4205-abf8-dac3ced9f874,/mnt/pangea/Music/Backstreet Boys/Never Gone/01 - Incomplete.mp3,,
Balli di gruppo - A mi me gusta.mp3,,—,,,,,,,,,,,
Balli di gruppo - Cacao meravigliao.mp3,267.2,filed,title only,Renzo Arbore,Cacao meravigliao,Discao meravigliao,Renzo Arbore,1988,36f5be74-392b-4ab7-8f4e-fa2115ec2dfc,bb78d798-fa85-4d0d-b587-b516d5431cd0,/mnt/pangea/Music/Renzo Arbore/Discao meravigliao/01 - Cacao meravigliao.mp3,,
Balli di gruppo - El pin pon.mp3,245.7,inbox,,,,,,,,,/mnt/pangea/audio-downloads/Music/Balli di gruppo - El pin pon.mp3,,
Balli di gruppo - El tipitipitero.mp3,225.5,filed,title only,Cecilia Gayle,El Tipitipitero,Hot Summer 101 - Beach Party,Various Artists,2007,5acd6ae6-8fb2-4d73-a828-c5d0aced705f,071210a5-4634-46ab-84d9-4fb00b01af83,/mnt/pangea/Music/Various Artists/Hot Summer 101 - Beach Party/12 - El Tipitipitero.mp3,,
Balli di gruppo - Gioca jouer.mp3,,—,,,,,,,,,,,
Balli di gruppo - Il ballo del vampiro.MP3,,—,,,,,,,,,,,
Balli di gruppo - Il ballo della casalinga.mp3,213.3,inbox,,,,,,,,,/mnt/pangea/audio-downloads/Music/Balli di gruppo - Il ballo della casalinga.mp3,,
Balli di gruppo - Il coccodrillo come fa.mp3,198.5,filed,title only,Gabriele Patriarca e Carlo Andrea Masciadri con il Piccolo Coro dell'Antoniano,Il coccodrillo come fa,Il coccodrillo come fa,Gabriele Patriarca e Carlo Andrea Masciadri con il Piccolo Coro dell'Antoniano,,9915bbe6-7f8a-49b8-ba19-bb93f9457e62,fb850946-19a7-462a-bbe6-c2ecea85f42f,/mnt/pangea/Music/Gabriele Patriarca e Carlo Andrea Masciadri con il Piccolo Coro dell'Antoniano/Il coccodrillo come fa/01 - Il coccodrillo come fa.mp3,,
Balli di gruppo - Latte e i suoi Derivati - Il ballo dell'estate.mp3,,—,,,,,,,,,,,
Balli di gruppo - Maracaibo.mp3,226.5,filed,title only,Luisa Colombo,Maracaibo,Maracaibo,Luisa Colombo,1981,48aa9e57-87bc-46b9-8905-e08227d6a0c6,0b7019db-740f-485f-bbef-90105406a105,/mnt/pangea/Music/Luisa Colombo/Maracaibo/01 - Maracaibo.mp3,,
Balli di gruppo - Mueve La Colita.mp3,231.8,filed,title only,Los Locos,Mueve la Colita,La Mamba,Los Locos,2001,4fd73268-31f6-444a-8706-37929c9749d8,58831c8d-7226-453f-8f5f-b3b8cc63b930,/mnt/pangea/Music/Los Locos/La Mamba/01 - Mueve la Colita.mp3,,
Balli di gruppo - Porompompero.mp3,284.9,filed,title only,Los Locos,Porompompero,Greatest Hits,Los Locos,1995,39473ab9-f69c-4fbb-9f6c-569a89911d38,253f8519-abfd-4b2c-92ed-5cb77436fe36,/mnt/pangea/Music/Los Locos/Greatest Hits/05 - Porompompero.mp3,,
Balli di gruppo - Stendi i panni.mp3,186.2,inbox,,,,,,,,,/mnt/pangea/audio-downloads/Music/Balli di gruppo - Stendi i panni.mp3,,
Balli di gruppo - Tacco e punta.mp3,148.9,inbox,,,,,,,,,/mnt/pangea/audio-downloads/Music/Balli di gruppo - Tacco e punta.mp3,,
Balli di gruppo - Yoyo yaya.mp3,197.0,inbox,,,,,,,,,/mnt/pangea/audio-downloads/Music/Balli di gruppo - Yoyo yaya.mp3,,
Banditozz - Melodia.mp3,445.8,filed,artist+title,Banditozz,Melodia (Banditozz Joins DJ Andy Garcia club mix),Melodia,Banditozz,2003,9d5db723-052f-4646-8aa0-c8eb20f14417,2756541f-a321-4caa-a24c-b8522768445b,/mnt/pangea/Music/Banditozz/Melodia/03 - Melodia (Banditozz Joins DJ Andy Garcia club mix).mp3,,
Barbara Streisand & Bee Gees - Woman in love.mp3,230.2,filed,artist+title,Barbra Streisand,Woman in Love,Guilty,Barbra Streisand,1980,c67ff108-1cac-3e32-af8e-a4a19b4b3859,903b935f-8cb9-4978-8131-5b54fbdc3af3,/mnt/pangea/Music/Barbra Streisand/Guilty/02 - Woman in Love.mp3,,
Barcode Brothers - SMS.mp3,306.3,filed,artist+title,Barcode Brothers,SMS (extended club mix),SMS,Barcode Brothers,2002,28487874-bfec-310f-9d8b-c05f44b9117c,0e57344f-e4a6-404e-809c-f0773bd522b7,/mnt/pangea/Music/Barcode Brothers/SMS/03 - SMS (extended club mix).mp3,,
Beatles - All you need is love.mp3,228.4,filed,artist+title,The Beatles,All You Need Is Love,All You Need Is Love,The Beatles,1967,e9a3fa34-e5f7-3c78-80e2-cf9448cc4d9b,f4b8b5f4-b334-46a0-acf6-356cb77836b7,/mnt/pangea/Music/The Beatles/All You Need Is Love/01 - All You Need Is Love.mp3,,same file as 1 other name(s)
Beatles - Imagine.mp3,185.2,filed,title only,John Lennon,Imagine,Imagine,John Lennon,1971,f242f304-0f1f-33a5-81a2-7a965b30e3b5,532a1965-cd4c-4a9a-9912-12942e1ed485,/mnt/pangea/Music/John Lennon/Imagine/01 - Imagine.mp3,,
Beatles - Let it be.mp3,232.4,filed,artist+title,The Beatles,Let It Be,Let It Be,The Beatles,1970,221ff5cc-d3fa-361f-8fa9-667b31a7ef56,58a12b57-21a0-4646-8770-4b354a13864b,/mnt/pangea/Music/The Beatles/Let It Be/Let It Be.mp3,,same file as 1 other name(s)
Beatles - Michelle.mp3,162.5,filed,artist+title,The Beatles,Michelle,Rubber Soul,The Beatles,1965,dca03435-8adb-30a5-ba82-5a162267ff38,cc1ff06c-2fed-47e9-97f7-6d8cbba90833,/mnt/pangea/Music/The Beatles/Rubber Soul/06 - Michelle.mp3,,
Beatles - Obla di obla da.mp3,188.1,filed,artist+title,The Beatles,"Ob‐La‐Di, Ob‐La‐Da",The Beatles,The Beatles,1968,055be730-dcad-31bf-b550-45ba9c202aa3,31397e59-bad9-4849-b27c-0b2e85adb24d,"/mnt/pangea/Music/The Beatles/The Beatles/04 - Ob‐La‐Di, Ob‐La‐Da.mp3",,
Beatles - Yesterday.mp3,127.5,filed,artist+title,The Beatles,Yesterday,Yesterday… and Today,The Beatles,1966,0a4d1024-3463-3c74-8500-ea011bd5d523,40fdd8ff-ec57-4a30-8133-eaabfef1bfdd,/mnt/pangea/Music/The Beatles/Yesterday… and Today/05 - Yesterday.mp3,,
Beck - Everybody's Gotta Learn Sometimes.mp3,354.1,filed,artist+title,Beck,Everybody’s Gotta Learn Sometime,Everybody's Gotta Learn Sometime,Beck,2004,f5c3d03b-5026-46c8-971a-9c2aad34be28,1d48277d-bfcd-4569-9f4f-d93a5a9c1ed0,/mnt/pangea/Music/Beck/Everybody's Gotta Learn Sometime/01 - Everybody’s Gotta Learn Sometime.mp3,,
Bee Gees - More than a woman.mp3,197.9,filed,artist+title,Bee Gees,More Than a Woman,More Than a Woman,Bee Gees,1977,82ab3876-726b-44d9-af21-c9c5e21d5e90,cc22cfb3-de9d-4f8a-8da2-f6de219eaa6d,/mnt/pangea/Music/Bee Gees/More Than a Woman/More Than a Woman.mp3,,
Bee Gees - Saturday night fever.mp3,213.3,filed,artist only,Bee Gees,Night Fever,Night Fever,Bee Gees,1977,c8cf8fa2-ebaf-4b24-a12a-2dee7c1e9de9,9228448e-79ba-467b-9b54-fbc3a98f4a1d,/mnt/pangea/Music/Bee Gees/Night Fever/01 - Night Fever.mp3,,
Bee Gees - Staying alive.mp3,287.7,filed,artist+title,Bee Gees,"Stayin' Alive (From ""Saturday Night Fever"" Soundtrack)",Staying Alive,Bee Gees,1977,f3cc5901-8895-3a8c-ab57-c3485e78ea93,67a8cc84-1d1a-4d42-ab6e-bfa3d8e9a3d9,/mnt/pangea/Music/Bee Gees/Staying Alive/01 - Stayin' Alive (From _Saturday Night Fever_ Soundtrack).mp3,,
Bee Gees - Tragedy.mp3,303.3,filed,artist+title,Bee Gees,Tragedy,Spirits Having Flown,Bee Gees,1979,4d9d85b2-ebf8-3693-9f8f-fc6b701b5926,c3f12909-45f5-416a-9284-da6cf701c674,/mnt/pangea/Music/Bee Gees/Spirits Having Flown/01 - Tragedy.mp3,,
Ben Delay - Rock.mp3,341.8,filed,artist+title,Ben Delay & Chris Powell,Rock,Electro House 2007,Various Artists,2006,7b91ab1d-987f-38f9-82f0-2edd1429dc0e,56fe07d2-578b-43d7-ba4c-ad8e3e974ac9,/mnt/pangea/Music/Various Artists/Electro House 2007/1-05 - Rock.mp3,,
Beyoncé & J.Cole - Party.mp3,219.9,filed,artist+title,Beyoncé feat. J. Cole,Party,Party,Beyoncé feat. J. Cole,,aa141d70-2696-4c26-97fe-e4b8c4c4a08b,80a511ad-d770-4a4a-966b-00c455afcbee,/mnt/pangea/Music/Beyoncé feat. J. Cole/Party/01 - Party.mp3,,
Beyoncé & Jay-Z - Crazy In Love.mp3,236.3,filed,artist+title,Beyoncé feat. Jay-Z,Crazy in Love,Dangerously in Love,Beyoncé,2003,f639ba46-b371-3262-b494-5f2dbee36f5c,e9db2e46-195d-4f38-b8a8-72579b6610cf,/mnt/pangea/Music/Beyoncé/Dangerously in Love/01 - Crazy in Love.mp3,,
Beyoncé & Jay-Z - Deja Vu.mp3,240.3,filed,artist+title,Beyoncé feat. Jay‐Z,Deja vu,B’Day,Beyoncé,2006,9fdbccb2-9b51-36b7-b643-c7ae586b797d,14ee5418-541f-4735-867f-f71889ff2828,/mnt/pangea/Music/Beyoncé/B’Day/01 - Deja vu.mp3,,
Beyoncé & Jay-Z - Drunk In Love.mp3,323.6,filed,artist+title,Beyoncé featuring JAY Z,Drunk in Love,BEYONCÉ,Beyoncé,2013,8596171e-23b2-4bdd-8f1c-11960df0ecbe,aa246319-7d7f-4d9a-9481-e48c991e93ee,/mnt/pangea/Music/Beyoncé/BEYONCÉ/03 - Drunk in Love.mp3,,
Beyoncé - Best Thing I Never Had.mp3,253.9,filed,artist+title,Beyoncé,Best Thing I Never Had,4,Beyoncé,2011,40eaa07b-7542-48e7-887c-b5e686964a7a,6868ab09-0f40-4526-830b-430264780916,/mnt/pangea/Music/Beyoncé/4/04 - Best Thing I Never Had.mp3,,
Beyoncé - Countdown.mp3,213.5,filed,artist+title,Beyoncé,Countdown,4,Beyoncé,2011,40eaa07b-7542-48e7-887c-b5e686964a7a,6868ab09-0f40-4526-830b-430264780916,/mnt/pangea/Music/Beyoncé/4/09 - Countdown.mp3,,
Beyoncé - Halo.mp3,261.4,filed,artist+title,Beyoncé,Halo,I Am… Sasha Fierce,Beyoncé,2008,6f8e8119-de1b-39f0-85ca-b5252cb9211d,a266d96f-a0a0-401d-ab06-be8a7d263f26,/mnt/pangea/Music/Beyoncé/I Am… Sasha Fierce/02 - Halo.mp3,,
Beyoncé - I Was Here.mp3,239.2,filed,artist+title,Beyoncé,I Was Here,4,Beyoncé,2011,40eaa07b-7542-48e7-887c-b5e686964a7a,6868ab09-0f40-4526-830b-430264780916,/mnt/pangea/Music/Beyoncé/4/11 - I Was Here.mp3,,
Beyoncé - Listen.mp3,221.5,filed,artist+title,Beyoncé,Listen,B'Day,Beyoncé,2006,9fdbccb2-9b51-36b7-b643-c7ae586b797d,693647ec-9455-4577-b392-319e3c379621,/mnt/pangea/Music/Beyoncé/B'Day/12 - Listen.mp3,,
Beyoncé - Love On Top.mp3,267.4,filed,artist+title,Beyoncé,Love on Top,4,Beyoncé,2011,40eaa07b-7542-48e7-887c-b5e686964a7a,6868ab09-0f40-4526-830b-430264780916,/mnt/pangea/Music/Beyoncé/4/08 - Love on Top.mp3,,
Beyoncé - Pretty Hurts.mp3,235.7,filed,artist+title,Beyoncé,Pretty Hurts,BEYONCÉ,Beyoncé,2013,8596171e-23b2-4bdd-8f1c-11960df0ecbe,7c07f9a1-381f-4c00-8d17-2acc537597f8,/mnt/pangea/Music/Beyoncé/BEYONCÉ/01 - Pretty Hurts.mp3,,
Beyoncé - Sweet Dreams.mp3,207.9,filed,artist+title,Beyoncé,Sweet Dreams,I Am… Sasha Fierce,Beyoncé,2008,6f8e8119-de1b-39f0-85ca-b5252cb9211d,a266d96f-a0a0-401d-ab06-be8a7d263f26,/mnt/pangea/Music/Beyoncé/I Am… Sasha Fierce/04 - Sweet Dreams.mp3,,
Beyoncé - Why Don't You Love Me.mp3,216.8,filed,artist+title,Beyoncé,Why Don’t You Love Me,I Am… Sasha Fierce,Beyoncé,2008,6f8e8119-de1b-39f0-85ca-b5252cb9211d,7d30eec0-fad8-4f6b-9a2e-d37514105558,/mnt/pangea/Music/Beyoncé/I Am… Sasha Fierce/09 - Why Don’t You Love Me.mp3,,
Biagio Antonacci - Convivendo.mp3,230.9,filed,artist+title,Biagio Antonacci,Convivendo,"Convivendo, parte 1",Biagio Antonacci,2004,6a76a3c4-4430-33da-81b8-56ebefd70eb7,dc456a2c-48fe-4cfd-8b30-d491be8fb432,"/mnt/pangea/Music/Biagio Antonacci/Convivendo, parte 1/02 - Convivendo.mp3",,
Biagio Antonacci - Iris.mp3,238.2,filed,artist+title,Biagio Antonacci,Iris (Tra le tue poesie),Mi fai stare bene,Biagio Antonacci,1998,f96aeb9b-e109-3bc0-a9fc-bbd7fb3dc34a,8f1d6576-b0d6-4dbd-9f4a-37bbed1556d0,/mnt/pangea/Music/Biagio Antonacci/Mi fai stare bene/06 - Iris (Tra le tue poesie).mp3,,
Biagio Antonacci - La tua ultima storia d'amore.mp3,284.6,inbox,,,,,,,,,/mnt/pangea/audio-downloads/Music/Biagio Antonacci - La tua ultima storia d'amore.mp3,,
Biagio Antonacci - Liberatemi.mp3,267.0,filed,artist+title,Biagio Antonacci,Liberatemi,Liberatemi,Biagio Antonacci,1992,cd190e00-b94a-35de-856d-190bcf4c0dce,de0a674d-0909-4912-8fc2-485735838af5,/mnt/pangea/Music/Biagio Antonacci/Liberatemi/03 - Liberatemi.mp3,,
Biagio Antonacci - Non e' mai stato subito.mp3,274.3,filed,artist+title,Biagio Antonacci,Non è mai stato subito,Biagio Antonacci,Biagio Antonacci,1994,423def29-d003-3922-8792-ae3b6b023944,82858b4f-9a47-487c-acb1-3e326022458a,/mnt/pangea/Music/Biagio Antonacci/Biagio Antonacci/01 - Non è mai stato subito.mp3,,
Biagio Antonacci - Quanto tempo ancora.mp3,234.1,filed,artist+title,Biagio Antonacci,Quanto tempo e ancora,Mi fai stare bene,Biagio Antonacci,1998,f96aeb9b-e109-3bc0-a9fc-bbd7fb3dc34a,8f1d6576-b0d6-4dbd-9f4a-37bbed1556d0,/mnt/pangea/Music/Biagio Antonacci/Mi fai stare bene/04 - Quanto tempo e ancora.mp3,,
Biagio Antonacci - Sappi amore mio.mp3,229.2,filed,artist+title,Biagio Antonacci,Sappi amore mio,Convivendo,Biagio Antonacci,2005,c1e3ec17-f013-3e20-bf50-d73b52954490,b675f8c3-baff-4e02-8adf-12432d90bd19,/mnt/pangea/Music/Biagio Antonacci/Convivendo/03 - Sappi amore mio.mp3,,
Biagio Antonacci - Se io se lei.MP3,293.7,filed,artist+title,Biagio Antonacci,"Se io, se lei",Biagio Antonacci,Biagio Antonacci,1994,423def29-d003-3922-8792-ae3b6b023944,82858b4f-9a47-487c-acb1-3e326022458a,"/mnt/pangea/Music/Biagio Antonacci/Biagio Antonacci/02 - Se io, se lei.mp3",,
Billy Joel - She's always a woman.mp3,201.1,filed,artist+title,Billy Joel,She’s Always a Woman,Movin’ Out (Anthony’s Song),Billy Joel,1977,6b5c8e3f-fe5e-4827-ac46-ceaf9c1e3248,3ea77b63-572b-4665-8b0a-0f4b6a0d96bb,/mnt/pangea/Music/Billy Joel/Movin’ Out (Anthony’s Song)/She’s Always a Woman.mp3,,
Bionik phunk - In my head.mp3,427.0,filed,artist+title,Bionik Phunk,In My Head (DBN remix),Electro House 2007,Various Artists,2006,7b91ab1d-987f-38f9-82f0-2edd1429dc0e,56fe07d2-578b-43d7-ba4c-ad8e3e974ac9,/mnt/pangea/Music/Various Artists/Electro House 2007/2-04 - In My Head (DBN remix).mp3,,
Birdy - Skinny Love.mp3,201.0,filed,artist+title,Birdy,Skinny Love,Birdy,Birdy,2011,06ef6e2b-d593-4923-8791-99c41f748320,ca0a0daa-ff77-4e09-982c-00f7beed49e2,/mnt/pangea/Music/Birdy/Birdy/02 - Skinny Love.mp3,,
Black Eyed Peas - Don't Stop The Party.mp3,367.4,filed,artist+title,The Black Eyed Peas,Don’t Stop the Party,The Beginning & The Best Of The E.N.D.,Black Eyed Peas,2010,9511757c-4fac-4ec2-847e-c8cb9fbf1132,430e330c-7c93-4562-acaf-a86197af2fcb,/mnt/pangea/Music/Black Eyed Peas/The Beginning & The Best Of The E.N.D/08 - Don’t Stop the Party.mp3,,
Black Eyed Peas - Don't lie.mp3,219.0,filed,artist+title,The Black Eyed Peas,Don’t Lie,Monkey Business,Black Eyed Peas,2005,990c6869-9722-3190-9e49-bbac56ae53b6,b04a3459-8866-43bd-8fc0-5a04ea5a89d2,/mnt/pangea/Music/Black Eyed Peas/Monkey Business/04 - Don’t Lie.mp3,,
Black Eyed Peas - Don't phunk with my heart.mp3,241.7,filed,artist+title,The Black Eyed Peas,Don’t Phunk With My Heart,Monkey Business,Black Eyed Peas,2005,990c6869-9722-3190-9e49-bbac56ae53b6,b04a3459-8866-43bd-8fc0-5a04ea5a89d2,/mnt/pangea/Music/Black Eyed Peas/Monkey Business/02 - Don’t Phunk With My Heart.mp3,,
Black Eyed Peas - I Gotta Feeling.mp3,244.6,filed,artist+title,The Black Eyed Peas,I Gotta Feeling,I Gotta Feeling,The Black Eyed Peas,2009,a2a0757f-46b4-47d1-b152-e0d34b6f7253,8212fcb5-47a0-4908-ad88-ef9603988158,/mnt/pangea/Music/The Black Eyed Peas/I Gotta Feeling/01 - I Gotta Feeling.mp3,,
Black Eyed Peas - Let's get it started.mp3,217.1,filed,artist+title,The Black Eyed Peas,Let’s Get It Started,Elephunk,Black Eyed Peas,2022,7ba035ec-c437-3cfb-833b-22ae68313a3f,f8298e9c-0ed0-4e53-8010-c10d9d97994a,/mnt/pangea/Music/Black Eyed Peas/Elephunk/03 - Let’s Get It Started.mp3,,
Black Eyed Peas - My hump.mp3,327.0,filed,artist+title,The Black Eyed Peas,My Humps,Monkey Business,Black Eyed Peas,2005,990c6869-9722-3190-9e49-bbac56ae53b6,b04a3459-8866-43bd-8fc0-5a04ea5a89d2,/mnt/pangea/Music/Black Eyed Peas/Monkey Business/05 - My Humps.mp3,,
Black Eyed Peas - Shut up.mp3,296.2,filed,artist+title,The Black Eyed Peas,Shut Up,Elephunk,Black Eyed Peas,2022,7ba035ec-c437-3cfb-833b-22ae68313a3f,f8298e9c-0ed0-4e53-8010-c10d9d97994a,/mnt/pangea/Music/Black Eyed Peas/Elephunk/05 - Shut Up.mp3,,
Black Eyed Peas - The Time.mp3,308.4,filed,artist+title,The Black Eyed Peas,The Time (Dirty Bit),The Beginning & The Best Of The E.N.D.,Black Eyed Peas,2010,9511757c-4fac-4ec2-847e-c8cb9fbf1132,430e330c-7c93-4562-acaf-a86197af2fcb,/mnt/pangea/Music/Black Eyed Peas/The Beginning & The Best Of The E.N.D/01 - The Time (Dirty Bit).mp3,,
Black Eyed Peas - Where is the love.mp3,227.7,filed,artist+title,The Black Eyed Peas,Where Is the Love,Where Is the Love?,The Black Eyed Peas,2003,c4173471-9b58-3448-870e-c79b8fcaf089,bcde23f4-7c93-42f4-abb7-06a26d0585a1,/mnt/pangea/Music/The Black Eyed Peas/Where Is the Love_/02 - Where Is the Love.mp3,,
Black Eyes Peas - Pump it.mp3,213.1,filed,artist+title,The Black Eyed Peas,Pump It,Monkey Business,The Black Eyed Peas,2005,990c6869-9722-3190-9e49-bbac56ae53b6,db00b49e-a7ee-4659-abf4-1f3b95f5c551,/mnt/pangea/Music/The Black Eyed Peas/Monkey Business/01 - Pump It.mp3,,
Blink 182 - Adam's song.mp3,251.6,inbox,,,,,,,,,/mnt/pangea/audio-downloads/Music/Blink 182 - Adam's song.mp3,,
Blink 182 - All the small things.mp3,168.0,inbox,,,,,,,,,/mnt/pangea/audio-downloads/Music/Blink 182 - All the small things.mp3,,
Blink 182 - Always.mp3,252.3,inbox,,,,,,,,,/mnt/pangea/audio-downloads/Music/Blink 182 - Always.mp3,,
Blink 182 - American pie theme song.mp3,203.4,inbox,,,,,,,,,/mnt/pangea/audio-downloads/Music/Blink 182 - American pie theme song.mp3,,
Blink 182 - Feeling this.mp3,173.7,inbox,,,,,,,,,/mnt/pangea/audio-downloads/Music/Blink 182 - Feeling this.mp3,,
Blink 182 - I miss you.mp3,227.4,inbox,,,,,,,,,/mnt/pangea/audio-downloads/Music/Blink 182 - I miss you.mp3,,
Blink 182 - I'm lost without you.mp3,380.8,inbox,,,,,,,,,/mnt/pangea/audio-downloads/Music/Blink 182 - I'm lost without you.mp3,,
Blink 182 - Not now.mp3,251.0,inbox,,,,,,,,,/mnt/pangea/audio-downloads/Music/Blink 182 - Not now.mp3,,
Blink 182 - Stay together for the kids.mp3,239.5,inbox,,,,,,,,,/mnt/pangea/audio-downloads/Music/Blink 182 - Stay together for the kids.mp3,,
Blink 182 - Story of a girl.mp3,186.1,inbox,,,,,,,,,/mnt/pangea/audio-downloads/Music/Blink 182 - Story of a girl.mp3,,
Blink 182 - What's my age again.mp3,146.6,inbox,,,,,,,,,/mnt/pangea/audio-downloads/Music/Blink 182 - What's my age again.mp3,,
Bob Marley - Bad boys.mp3,217.0,inbox,,,,,,,,,/mnt/pangea/audio-downloads/Music/Bob Marley - Bad boys.mp3,,
Bob Marley - Could you be loved.mp3,234.9,filed,artist+title,Bob Marley & The Wailers,Could You Be Loved,Uprising,Bob Marley & The Wailers,1980,6dd29c00-7539-319d-98e0-b2f07e861497,c2888f73-e918-4d2a-9a48-567421bfe8a3,/mnt/pangea/Music/Bob Marley & The Wailers/Uprising/03 - Could You Be Loved.mp3,,
"Bob Marley - Don't worry, be happy.mp3",234.4,inbox,,,,,,,,,"/mnt/pangea/audio-downloads/Music/Bob Marley - Don't worry, be happy.mp3",,
Bob Marley - Iron lion zion.mp3,203.2,filed,artist+title,Bob Marley & The Wailers,Iron Lion Zion (7″ mix),Iron Lion Zion,Bob Marley,1992,42e82338-a003-38f1-a07c-cddb1d72fe87,0878a0e4-ace5-4ed9-8abe-89e4456d2e86,/mnt/pangea/Music/Bob Marley/Iron Lion Zion/01 - Iron Lion Zion (7″ mix).mp3,,
Bob Marley - Is this love.mp3,231.4,filed,artist+title,Bob Marley & The Wailers,Is This Love,Kaya,Bob Marley & The Wailers,1978,da0fbebe-0cef-344e-a0de-c9412ae0eb1a,f2beec9a-9e08-4d28-b2eb-ebf4c0376dcd,/mnt/pangea/Music/Bob Marley & The Wailers/Kaya/03 - Is This Love.mp3,,
Bob Marley - No woman no cry.mp3,427.5,inbox,,,,,,,,,/mnt/pangea/audio-downloads/Music/Bob Marley - No woman no cry.mp3,,
Bob Marley - One love.mp3,168.1,inbox,,,,,,,,,/mnt/pangea/audio-downloads/Music/Bob Marley - One love.mp3,,
Bob Sinclair - Love generation.mp3,290.5,inbox,,,,,,,,,/mnt/pangea/audio-downloads/Music/Bob Sinclair - Love generation.mp3,,
Bob Sinclair - Rock this party.mp3,245.5,filed,artist+title,Bob Sinclar,Rock This Party (Everybody Dance Now),Western Dream,Bob Sinclar,2006,0af7e6d7-f449-444b-a2d1-056206a04e4d,aa8c4b04-87de-4b98-9d65-0696ca66f63e,/mnt/pangea/Music/Bob Sinclar/Western Dream/11 - Rock This Party (Everybody Dance Now).mp3,,
Bob Sinclair - World hold on.mp3,196.6,inbox,,,,,,,,,/mnt/pangea/audio-downloads/Music/Bob Sinclair - World hold on.mp3,,
Bodyrox - Yeah yeah ramirez.mp3,491.6,inbox,,,,,,,,,/mnt/pangea/audio-downloads/Music/Bodyrox - Yeah yeah ramirez.mp3,,
Booka Shade - In white rooms Mexico.mp3,388.6,filed,artist+title,Booka Shade,In White Rooms (Mexico mix),Movements / The Tour Edition,Booka Shade,2008,27c3bc00-e4a7-3cc6-a479-98279934c6e0,6e7cd1db-59fa-4516-a8e7-82b5d196a8fb,/mnt/pangea/Music/Booka Shade/Movements _ The Tour Edition/17 - In White Rooms (Mexico mix).mp3,,
Bruno Mars & Mark Ronson - Uptown Funk.mp3,230.3,inbox,,,,,,,,,/mnt/pangea/audio-downloads/Music/Bruno Mars & Mark Ronson - Uptown Funk.mp3,,
Bruno Mars & Travie McCoy - Billionaire.mp3,211.1,filed,title only,Travie McCoy feat. Bruno Mars,Billionaire,Lazarus,Travie McCoy,2010,813625b6-245a-451a-a3a8-3624952228ea,300a1776-b779-428b-87d4-7930ef57204a,/mnt/pangea/Music/Travie McCoy/Lazarus/03 - Billionaire.mp3,,
Bruno Mars - Count On Me.mp3,197.3,filed,artist+title,Bruno Mars,Count on Me,Doo-Wops & Hooligans,Bruno Mars,2010,b3d1fbf7-dd1c-4119-a16e-58c2feb5bcb0,430c37b2-832b-421e-9f4d-37813a391898,/mnt/pangea/Music/Bruno Mars/Doo-Wops & Hooligans/09 - Count on Me.mp3,,
Bruno Mars - It Will Rain.mp3,266.9,inbox,,,,,,,,,/mnt/pangea/audio-downloads/Music/Bruno Mars - It Will Rain.mp3,,
Bruno Mars - Locked Out Of Heaven.mp3,233.5,filed,artist+title,Bruno Mars,Locked Out of Heaven,Unorthodox Jukebox,Bruno Mars,2012,978d88db-60ec-41d9-ade7-beea020941b0,00aa3d45-2d7b-4a0a-821a-5bd7ab8e3266,/mnt/pangea/Music/Bruno Mars/Unorthodox Jukebox/02 - Locked Out of Heaven.mp3,,
Bruno Mars - Marry You.mp3,228.0,filed,artist+title,Bruno Mars,Marry You,Doo-Wops & Hooligans,Bruno Mars,2010,b3d1fbf7-dd1c-4119-a16e-58c2feb5bcb0,430c37b2-832b-421e-9f4d-37813a391898,/mnt/pangea/Music/Bruno Mars/Doo-Wops & Hooligans/06 - Marry You.mp3,,
Bruno Mars - Run Away Baby.mp3,148.3,filed,artist+title,Bruno Mars,Runaway Baby,Doo-Wops & Hooligans,Bruno Mars,2010,b3d1fbf7-dd1c-4119-a16e-58c2feb5bcb0,430c37b2-832b-421e-9f4d-37813a391898,/mnt/pangea/Music/Bruno Mars/Doo-Wops & Hooligans/04 - Runaway Baby.mp3,,
Bruno Mars - Talking To The Moon.mp3,215.9,filed,artist+title,Bruno Mars,Talking to the Moon,Doo-Wops & Hooligans,Bruno Mars,2010,b3d1fbf7-dd1c-4119-a16e-58c2feb5bcb0,84cf2cce-1e59-4161-a385-caee66de49a4,/mnt/pangea/Music/Bruno Mars/Doo-Wops & Hooligans/13 - Talking to the Moon.mp3,,
Bruno Mars - Treasure.mp3,178.7,filed,artist+title,Bruno Mars,Treasure,Unorthodox Jukebox,Bruno Mars,2012,978d88db-60ec-41d9-ade7-beea020941b0,00aa3d45-2d7b-4a0a-821a-5bd7ab8e3266,/mnt/pangea/Music/Bruno Mars/Unorthodox Jukebox/04 - Treasure.mp3,,
Bruno Mars - When I Was Your Man.mp3,208.6,filed,artist+title,Bruno Mars,When I Was Your Man,Unorthodox Jukebox,Bruno Mars,2012,978d88db-60ec-41d9-ade7-beea020941b0,00aa3d45-2d7b-4a0a-821a-5bd7ab8e3266,/mnt/pangea/Music/Bruno Mars/Unorthodox Jukebox/06 - When I Was Your Man.mp3,,
C-Bool - Would you feel.mp3,384.0,inbox,,,,,,,,,/mnt/pangea/audio-downloads/Music/C-Bool - Would you feel.mp3,,
Cabin Crew - Waiting for a star to fall.mp3,398.7,inbox,,,,,,,,,/mnt/pangea/audio-downloads/Music/Cabin Crew - Waiting for a star to fall.mp3,,
Camaleonti - Applausi.mp3,218.4,inbox,,,,,,,,,/mnt/pangea/audio-downloads/Music/Camaleonti - Applausi.mp3,,
Camaleonti - Eternità.mp3,203.0,inbox,,,,,,,,,/mnt/pangea/audio-downloads/Music/Camaleonti - Eternità.mp3,,
Camaleonti - Io per lei.mp3,230.9,inbox,,,,,,,,,/mnt/pangea/audio-downloads/Music/Camaleonti - Io per lei.mp3,,
Camaleonti - L'ora dell'amore.mp3,214.5,inbox,,,,,,,,,/mnt/pangea/audio-downloads/Music/Camaleonti - L'ora dell'amore.mp3,,
Camaleonti - Perchè ti amo.mp3,197.7,inbox,,,,,,,,,/mnt/pangea/audio-downloads/Music/Camaleonti - Perchè ti amo.mp3,,
Camaleonti - Piccola Venere.mp3,260.9,inbox,,,,,,,,,/mnt/pangea/audio-downloads/Music/Camaleonti - Piccola Venere.mp3,,
Canti popolari italiani - (Sardegna) - Hanno ucciso nonno in bagno.mp3,159.4,inbox,,,,,,,,,/mnt/pangea/audio-downloads/Music/Canti popolari italiani - (Sardegna) - Hanno ucciso nonno in bagno.mp3,,
Canti popolari italiani - (Sicila) - Ciuri Ciuri.mp3,148.9,inbox,,,,,,,,,/mnt/pangea/audio-downloads/Music/Canti popolari italiani - (Sicila) - Ciuri Ciuri.mp3,,
Canzone scema.mp3,60.0,inbox,,,,,,,,,/mnt/pangea/audio-downloads/Music/Canzone scema.mp3,,
Caparezza - Dalla parte del toro.MP3,238.9,filed,artist+title,CapaRezza,Dalla parte del toro,Habemus Capa,CapaRezza,2006,f030690a-a52c-30bd-a236-fd955ade9b1a,0ba7cbda-0f5f-4a54-929c-9622a48171b8,/mnt/pangea/Music/CapaRezza/Habemus Capa/05 - Dalla parte del toro.mp3,,
Caparezza - Fuori dal tunnel.mp3,310.3,filed,artist+title,CapaRezza,Fuori dal tunnel,Verità supposte,CapaRezza,2003,6e20bf2e-25aa-3c58-ab8b-2b6be542ad24,22b05fd2-703b-43f8-b2bf-6b0bee413961,/mnt/pangea/Music/CapaRezza/Verità supposte/08 - Fuori dal tunnel.mp3,,
Caparezza - Il secondo secondo me.mp3,220.5,inbox,,,,,,,,,/mnt/pangea/audio-downloads/Music/Caparezza - Il secondo secondo me.mp3,,
Caparezza - Il silenzio dei colpevoli.mp3,248.2,filed,artist+title,CapaRezza,Il silenzio dei colpevoli,Habemus Capa,CapaRezza,2006,f030690a-a52c-30bd-a236-fd955ade9b1a,0ba7cbda-0f5f-4a54-929c-9622a48171b8,/mnt/pangea/Music/CapaRezza/Habemus Capa/07 - Il silenzio dei colpevoli.mp3,,
Caparezza - Io vengo dalla luna.mp3,254.8,filed,artist+title,CapaRezza,Vengo dalla Luna,Verità supposte,CapaRezza,2003,6e20bf2e-25aa-3c58-ab8b-2b6be542ad24,22b05fd2-703b-43f8-b2bf-6b0bee413961,/mnt/pangea/Music/CapaRezza/Verità supposte/06 - Vengo dalla Luna.mp3,,
Caparezza - La mia parte intollerante.mp3,263.4,filed,artist+title,CapaRezza feat. Gennaro Cosimo Parlato,La mia parte intollerante,Habemus Capa,CapaRezza,2006,f030690a-a52c-30bd-a236-fd955ade9b1a,0ba7cbda-0f5f-4a54-929c-9622a48171b8,/mnt/pangea/Music/CapaRezza/Habemus Capa/09 - La mia parte intollerante.mp3,,
Caparezza - Torna Catalessi.mp3,237.9,filed,artist+title,CapaRezza,Torna Catalessi,Habemus Capa,CapaRezza,2006,f030690a-a52c-30bd-a236-fd955ade9b1a,0ba7cbda-0f5f-4a54-929c-9622a48171b8,/mnt/pangea/Music/CapaRezza/Habemus Capa/03 - Torna Catalessi.mp3,,
Carly Rae Jepsen - Call Me Maybe.mp3,193.5,filed,artist+title,Carly Rae Jepsen,Call Me Maybe,Kiss,Carly Rae Jepsen,2012,e7ce6cac-d26e-470c-b8a1-97ecc07354df,eca2e3fd-bda7-4770-b9f9-5342d4bc15bd,/mnt/pangea/Music/Carly Rae Jepsen/Kiss/03 - Call Me Maybe.mp3,,
Cartoni animati - All'arrembaggio - Sigla italiana.mp3,125.3,inbox,,,,,,,,,/mnt/pangea/audio-downloads/Music/Cartoni animati - All'arrembaggio - Sigla italiana.mp3,,
Cartoni animati - Dragon ball - Sigla italiana completa.mp3,199.2,inbox,,,,,,,,,/mnt/pangea/audio-downloads/Music/Cartoni animati - Dragon ball - Sigla italiana completa.mp3,,
Cartoni animati - Dragon ball GT - Sigla italiana.mp3,177.5,inbox,,,,,,,,,/mnt/pangea/audio-downloads/Music/Cartoni animati - Dragon ball GT - Sigla italiana.mp3,,
Cartoni animati - Dragon ball Z - Sigla italiana completa.mp3,168.8,inbox,,,,,,,,,/mnt/pangea/audio-downloads/Music/Cartoni animati - Dragon ball Z - Sigla italiana completa.mp3,,
Cartoni animati - Dragon ball Z - Sigla italiana.mp3,121.2,inbox,,,,,,,,,/mnt/pangea/audio-downloads/Music/Cartoni animati - Dragon ball Z - Sigla italiana.mp3,,
Cartoni animati - I Griffin - Sigla italiana.mp3,29.9,inbox,,,,,,,,,/mnt/pangea/audio-downloads/Music/Cartoni animati - I Griffin - Sigla italiana.mp3,,
Cartoni animati - Naruto - Sigla giapponese.mp3,90.1,inbox,,,,,,,,,/mnt/pangea/audio-downloads/Music/Cartoni animati - Naruto - Sigla giapponese.mp3,,
Cartoni animati - Pokémon - Sigla italiana completa.mp3,183.9,inbox,,,,,,,,,/mnt/pangea/audio-downloads/Music/Cartoni animati - Pokémon - Sigla italiana completa.mp3,,
Cartoni animati - Simpson - Sigla completa.mp3,98.7,inbox,,,,,,,,,/mnt/pangea/audio-downloads/Music/Cartoni animati - Simpson - Sigla completa.mp3,,
Cartoni animati - Walt Disney - Gli aristogatti - Sigla italiana.MP3,164.6,inbox,,,,,,,,,/mnt/pangea/audio-downloads/Music/Cartoni animati - Walt Disney - Gli aristogatti - Sigla italiana.MP3,,
Cartoni animati - Walt Disney - La bella e la bestia - Sigla italiana.mp3,191.4,inbox,,,,,,,,,/mnt/pangea/audio-downloads/Music/Cartoni animati - Walt Disney - La bella e la bestia - Sigla italiana.mp3,,
Cartoni animati - Walt Disney - La spada nella roccia - Sigla italiana.mp3,78.1,inbox,,,,,,,,,/mnt/pangea/audio-downloads/Music/Cartoni animati - Walt Disney - La spada nella roccia - Sigla italiana.mp3,,
Cascada - Everytime We Touch.mp3,195.8,filed,artist+title,Cascada,Everytime We Touch,Everytime We Touch,Cascada,2006,e10625c8-bd6c-377a-b524-dcf778512c47,f3c43f22-a6fc-4000-ae98-cd72b9411ff2,/mnt/pangea/Music/Cascada/Everytime We Touch/01 - Everytime We Touch.mp3,,
Cascada - Hurricane.mp3,236.2,inbox,,,,,,,,,/mnt/pangea/audio-downloads/Music/Cascada - Hurricane.mp3,,
Charli XCX - Boom Clap.mp3,176.2,inbox,,,,,,,,,/mnt/pangea/audio-downloads/Music/Charli XCX - Boom Clap.mp3,,
Cheryl Cole - Fight For This Love.mp3,226.3,filed,artist+title,Cheryl Cole,Fight for This Love,3 Words,Cheryl Cole,2009,8b26a16a-ae5b-43fc-acae-9f7e1c966032,f8dc94d3-518c-4229-a766-efd325dde564,/mnt/pangea/Music/Cheryl Cole/3 Words/04 - Fight for This Love.mp3,,
Chris Cornell - You know my name.mp3,243.5,filed,artist+title,Chris Cornell,You Know My Name,Carry On,Chris Cornell,2007,19b0a3a0-5ce8-3abc-8aae-6f850b6ffd3b,f0702994-7386-459b-87b0-b921020c117b,/mnt/pangea/Music/Chris Cornell/Carry On/14 - You Know My Name.mp3,,
Christina Aguilera - Ain't no other man.mp3,228.2,filed,artist+title,Christina Aguilera,Ain’t No Other Man,Back to Basics,Christina Aguilera,2006,909875a2-dced-346f-a341-b0c3bbd4b8b7,ce2b834d-a02b-4546-b36b-1ab81421e731,/mnt/pangea/Music/Christina Aguilera/Back to Basics/04 - Ain’t No Other Man.mp3,,
Christina Aguilera - Beautiful.mp3,238.6,filed,artist+title,Christina Aguilera,Beautiful,Stripped,Christina Aguilera,2002,46feff2b-8218-3432-8a01-a6082b4c93d4,edcdb9a0-b9fa-4850-a664-b00b1a3cc4f4,/mnt/pangea/Music/Christina Aguilera/Stripped/11 - Beautiful.mp3,,
Christina Aguilera - Candyman.mp3,195.8,filed,artist+title,Christina Aguilera,Candyman,Back to Basics,Christina Aguilera,2006,909875a2-dced-346f-a341-b0c3bbd4b8b7,ce2b834d-a02b-4546-b36b-1ab81421e731,/mnt/pangea/Music/Christina Aguilera/Back to Basics/03 - Candyman.mp3,,
Christina Aguilera - Hurt.mp3,243.4,filed,artist+title,Christina Aguilera,Hurt,Back to Basics,Christina Aguilera,2006,909875a2-dced-346f-a341-b0c3bbd4b8b7,ce2b834d-a02b-4546-b36b-1ab81421e731,/mnt/pangea/Music/Christina Aguilera/Back to Basics/06 - Hurt.mp3,,
Christina Aguilera - Tell me.mp3,246.1,filed,title only,P. Diddy feat. Christina Aguilera,Tell Me,Press Play,P. Diddy,2006,8925790c-2efc-31cd-9874-e3e57f39b194,7428d852-d840-4026-9509-d1159fd35f43,/mnt/pangea/Music/P. Diddy/Press Play/07 - Tell Me.mp3,,
Christina Aguilera - The Voice Within.mp3,308.0,filed,artist+title,Christina Aguilera,The Voice Within,Stripped,Christina Aguilera,2002,46feff2b-8218-3432-8a01-a6082b4c93d4,edcdb9a0-b9fa-4850-a664-b00b1a3cc4f4,/mnt/pangea/Music/Christina Aguilera/Stripped/18 - The Voice Within.mp3,,
Christina Perri - Jar of Hearts.mp3,247.0,filed,artist+title,Christina Perri,Jar of Hearts,Lovestrong.,Christina Perri,2011,b104f901-89c5-4ddc-b0ae-ad11850f2b3d,06f0b92d-21b7-4ef2-8e7c-a2c4e65a5380,/mnt/pangea/Music/Christina Perri/Lovestrong/05 - Jar of Hearts.mp3,,
Christopher & Raphael Just - disco patric and timo.mp3,404.5,inbox,,,,,,,,,/mnt/pangea/audio-downloads/Music/Christopher & Raphael Just - disco patric and timo.mp3,,
Christopher Lawrence - Freefall.mp3,355.3,filed,artist+title,Christopher Lawrence,Freefall,All or Nothing,Christopher Lawrence,2004,73185a7b-3ae6-4e80-a520-7d393879b630,ef2365c7-e131-4d95-a0aa-3a5aad0a8fe1,/mnt/pangea/Music/Christopher Lawrence/All or Nothing/02 - Freefall.mp3,,
Chuck Berry - Johnny Be Good.mp3,159.9,inbox,,,,,,,,,/mnt/pangea/audio-downloads/Music/Chuck Berry - Johnny Be Good.mp3,,
Claudio Baglioni - Amore bello.mp3,345.0,filed,artist+title,Claudio Baglioni,Amore bello,Gira che ti rigira amore bello,Claudio Baglioni,1973,c9428ffe-479b-3f4c-9484-c4eb2041348e,a3e5a373-6a09-47a7-89da-d35f6241df9b,/mnt/pangea/Music/Claudio Baglioni/Gira che ti rigira amore bello/03 - Amore bello.mp3,,
Claudio Baglioni - Avrai.mp3,333.3,inbox,,,,,,,,,/mnt/pangea/audio-downloads/Music/Claudio Baglioni - Avrai.mp3,,
Claudio Baglioni - Io me ne andrei.mp3,302.7,inbox,,,,,,,,,/mnt/pangea/audio-downloads/Music/Claudio Baglioni - Io me ne andrei.mp3,,
Claudio Baglioni - Mille giorni di te e di me.mp3,335.4,filed,artist+title,Claudio Baglioni,Mille giorni di te e di me,Oltre,Claudio Baglioni,1990,24a0a81e-2752-3fa7-8ebd-c4173479666f,07ad0e18-b79e-4de5-ba04-ba65c4e7f36a,/mnt/pangea/Music/Claudio Baglioni/Oltre/05 - Mille giorni di te e di me.mp3,,
Claudio Baglioni - Notte di natale.mp3,174.5,filed,artist+title,Claudio Baglioni,Notte di Natale,Claudio Baglioni,Claudio Baglioni,1970,c2f11675-45d1-3b37-92f8-a00257ae8054,a93e3416-4868-496e-a404-555247b4b3ee,/mnt/pangea/Music/Claudio Baglioni/Claudio Baglioni/01 - Notte di Natale.mp3,,
Claudio Baglioni - Questo piccolo grande amore.mp3,346.7,filed,artist+title,Claudio Baglioni,Questo piccolo grande amore,Questo piccolo grande amore,Claudio Baglioni,1972,4bf73247-baca-348d-bbe4-2c2809efcb2f,e7139041-b2f8-468b-8906-cad41bce0aad,/mnt/pangea/Music/Claudio Baglioni/Questo piccolo grande amore/04 - Questo piccolo grande amore.mp3,,
Claudio Baglioni - Sabato pomeriggio.mp3,334.8,filed,artist+title,Claudio Baglioni,Sabato pomeriggio,Sabato pomeriggio,Claudio Baglioni,1975,f7c3daf3-dd53-394b-ab98-165c843879e1,f103a903-4556-4e1f-9751-8ce95d54658e,/mnt/pangea/Music/Claudio Baglioni/Sabato pomeriggio/12 - Sabato pomeriggio.mp3,,
Claudio Baglioni - Signora Lia.mp3,180.9,filed,artist+title,Claudio Baglioni,Signora Lia,Claudio Baglioni,Claudio Baglioni,1970,c2f11675-45d1-3b37-92f8-a00257ae8054,a93e3416-4868-496e-a404-555247b4b3ee,/mnt/pangea/Music/Claudio Baglioni/Claudio Baglioni/06 - Signora Lia.mp3,,
Claudio Baglioni - Strada facendo.mp3,309.3,inbox,,,,,,,,,/mnt/pangea/audio-downloads/Music/Claudio Baglioni - Strada facendo.mp3,,
Claudio Baglioni - Voglio andar via.mp3,353.6,inbox,,,,,,,,,/mnt/pangea/audio-downloads/Music/Claudio Baglioni - Voglio andar via.mp3,,
Club Robbers - White stripes.mp3,259.8,inbox,,,,,,,,,/mnt/pangea/audio-downloads/Music/Club Robbers - White stripes.mp3,,
Coldplay - Charlie Brown.mp3,285.2,filed,artist+title,Coldplay,Charlie Brown,Mylo Xyloto,Coldplay,2011,61b7b6cd-86a6-4728-9478-b58c93bca8fd,bb97eac1-5aaf-4b74-9f23-ce1a07000e71,/mnt/pangea/Music/Coldplay/Mylo Xyloto/04 - Charlie Brown.mp3,,
Coldplay - Clocks.mp3,307.2,filed,artist+title,Coldplay,Clocks,A Rush of Blood to the Head,Coldplay,2002,120c786d-a3b2-3c19-b4ff-2b7b3b4435bf,b83a2cf4-f911-4570-9b7c-1aa58648a41a,/mnt/pangea/Music/Coldplay/A Rush of Blood to the Head/05 - Clocks.mp3,,
Coldplay - The Scientist.mp3,308.9,filed,artist+title,Coldplay,The Scientist,A Rush of Blood to the Head,Coldplay,2002,120c786d-a3b2-3c19-b4ff-2b7b3b4435bf,b83a2cf4-f911-4570-9b7c-1aa58648a41a,/mnt/pangea/Music/Coldplay/A Rush of Blood to the Head/04 - The Scientist.mp3,,
Coldplay - Viva La Vida.mp3,244.2,filed,artist+title,Coldplay,Viva la vida,Viva la Vida or Death and All His Friends,Coldplay,2008,a1084754-8bb5-3ebc-bbd2-6a27d48e798a,ecc5e1af-ebbd-4448-8e2e-40f88c95852b,/mnt/pangea/Music/Coldplay/Viva la Vida or Death and All His Friends/07 - Viva la vida.mp3,,
Coldplay - White Shadows.mp3,328.2,filed,artist+title,Coldplay,White Shadows,X&Y,Coldplay,2005,c50b180a-12c9-3153-8ba5-eac6a6537d6f,3f3c2d10-f8c8-44cc-94f1-5fe39717bde3,/mnt/pangea/Music/Coldplay/X&Y/03 - White Shadows.mp3,,
Coldplay - Yellow.mp3,271.0,filed,artist+title,Coldplay,Yellow,Parachutes,Coldplay,2000,1dc4c347-a1db-32aa-b14f-bc9cc507b843,c8bedc3e-58f6-4102-a1bd-e6cda6274757,/mnt/pangea/Music/Coldplay/Parachutes/05 - Yellow.mp3,,
Colome e Pedodo.mp3,60.0,inbox,,,,,,,,,/mnt/pangea/audio-downloads/Music/Colome e Pedodo.mp3,,
Cook da Book - Your eyes.MP3,281.8,inbox,,,,,,,,,/mnt/pangea/audio-downloads/Music/Cook da Book - Your eyes.MP3,,
Coup de boule - Zidane il a taper.mp3,163.5,inbox,,,,,,,,,/mnt/pangea/audio-downloads/Music/Coup de boule - Zidane il a taper.mp3,,
Crazy Frog - Axel Foley.mp3,168.3,inbox,,,,,,,,,/mnt/pangea/audio-downloads/Music/Crazy Frog - Axel Foley.mp3,,
Crazy Frog - I like to move it.mp3,227.1,inbox,,,,,,,,,/mnt/pangea/audio-downloads/Music/Crazy Frog - I like to move it.mp3,,
Crazy Frog - Jingle bells.mp3,158.2,filed,artist+title,Crazy Frog,Jingle Bells,Crazy Hits (Crazy Christmas Edition),Crazy Frog,2005,e429334e-51e8-3ff5-8de0-50b8e9136ee1,9305facf-f8b2-4531-adbc-6bcde17867f7,/mnt/pangea/Music/Crazy Frog/Crazy Hits (Crazy Christmas Edition)/02 - Jingle Bells.mp3,,
Crazy Frog - Popcorn.mp3,470.4,inbox,,,,,,,,,/mnt/pangea/audio-downloads/Music/Crazy Frog - Popcorn.mp3,,
Crime club - The beast luetzenkirchen.mp3,379.4,filed,artist+title,Crime Club,The Beast (Luetzenkirchen mix),The Beast,Crime Club,2006,a8744c0f-8606-44a6-b1db-047ba8e7e19f,5394d38a-2fa8-466d-bd17-f0966a16f751,/mnt/pangea/Music/Crime Club/The Beast/01 - The Beast (Luetzenkirchen mix).mp3,,
DHT - Listen to your heart.mp3,210.3,inbox,,,,,,,,,/mnt/pangea/audio-downloads/Music/DHT - Listen to your heart.mp3,,
DJ Jean - Every single day.mp3,345.1,filed,artist+title,DJ Jean,Every Single Day (Jump mix),Every Single Day,DJ Jean,2010,d4b361db-932f-4b8d-a6ae-91ed8690d363,892b0c3e-e926-4923-8596-fda169772958,/mnt/pangea/Music/DJ Jean/Every Single Day/04 - Every Single Day (Jump mix).mp3,,
DJ N'Erick feat. DJ Style - Can't take it.mp3,252.1,inbox,,,,,,,,,/mnt/pangea/audio-downloads/Music/DJ N'Erick feat. DJ Style - Can't take it.mp3,,
DJ N'Erick feat. DJ Style - Elecktronik style.mp3,306.0,inbox,,,,,,,,,/mnt/pangea/audio-downloads/Music/DJ N'Erick feat. DJ Style - Elecktronik style.mp3,,
DJ N'Erick feat. DJ Style - Open.mp3,347.0,inbox,,,,,,,,,/mnt/pangea/audio-downloads/Music/DJ N'Erick feat. DJ Style - Open.mp3,,
DJ N'Erick feat. DJ Style - Satisfaction.mp3,348.2,inbox,,,,,,,,,/mnt/pangea/audio-downloads/Music/DJ N'Erick feat. DJ Style - Satisfaction.mp3,,
DJ N'Erick feat. DJ Style - Sing my song.mp3,232.5,inbox,,,,,,,,,/mnt/pangea/audio-downloads/Music/DJ N'Erick feat. DJ Style - Sing my song.mp3,,
DJ N'Erick feat. DJ Style - Welcome to my party.mp3,305.5,inbox,,,,,,,,,/mnt/pangea/audio-downloads/Music/DJ N'Erick feat. DJ Style - Welcome to my party.mp3,,
DJ Scotty - Sexmachine DJS.mp3,219.0,inbox,,,,,,,,,/mnt/pangea/audio-downloads/Music/DJ Scotty - Sexmachine DJS.mp3,,
DJ Steeve L - Drop the needle.mp3,358.2,inbox,,,,,,,,,/mnt/pangea/audio-downloads/Music/DJ Steeve L - Drop the needle.mp3,,
DJ Tiesto - Ayla.mp3,389.5,inbox,,,,,,,,,/mnt/pangea/audio-downloads/Music/DJ Tiesto - Ayla.mp3,,
Dado - Mi hai rotto er cazzo.mp3,49.4,inbox,,,,,,,,,/mnt/pangea/audio-downloads/Music/Dado - Mi hai rotto er cazzo.mp3,,
Daft Punk - Get Lucky.mp3,248.4,filed,artist+title,Daft Punk feat. Pharrell Williams,Get Lucky,Get Lucky (radio edit),Daft Punk feat. Pharrell Williams & Nile Rodgers,2013,9b7ce16c-8310-4cc5-aad5-09893a5a8297,1ddb40a4-d7d7-44f3-8f12-7617484e7983,/mnt/pangea/Music/Daft Punk feat. Pharrell Williams & Nile Rodgers/Get Lucky (radio edit)/01 - Get Lucky.mp3,,
"Daft Punk - Harder, Better, Faster, Stronger.mp3",226.0,filed,artist+title,Daft Punk,"Harder, Better, Faster, Stronger",Discovery,Daft Punk,2001,48117b90-a16e-34ca-a514-19c702df1158,5654ace8-fd02-4471-a14c-bd6781cf2277,"/mnt/pangea/Music/Daft Punk/Discovery/04 - Harder, Better, Faster, Stronger.mp3",,
Danijay - L'impazienza.mp3,315.9,filed,artist+title,Danijay,L'impazienza (Canotta XXL),Dance & Breakfast,Danijay,2006,cbbcabf0-806f-4a77-8edb-d511cecad28f,ea8fed2d-81ca-4ff0-bdb2-ac8dc6c6e8f3,/mnt/pangea/Music/Danijay/Dance & Breakfast/05 - L'impazienza (Canotta XXL).mp3,,
Danzel - Put your hands up in the air.mp3,210.5,filed,artist+title,Danzel,Put Your Hands Up in the Air! (radio edit),Put Your Hands Up in the Air!,Danzel,2005,f408ef55-fabd-36dc-af64-962d7d729558,46ca9280-3ae7-499a-91a3-69c361ad14ec,/mnt/pangea/Music/Danzel/Put Your Hands Up in the Air!/01 - Put Your Hands Up in the Air! (radio edit).mp3,,
David Guetta & Sia - Titanium.mp3,245.2,filed,artist+title,David Guetta feat. Sia,Titanium,Nothing but the Beat,David Guetta,2011,a2709bdb-e16e-4f71-b1aa-cc68119fb782,dace0bae-b2a3-485f-b508-662a9cd72875,/mnt/pangea/Music/David Guetta/Nothing but the Beat/06 - Titanium.mp3,,
David Guetta - Lego el ritmo de verdad.mp3,285.8,inbox,,,,,,,,,/mnt/pangea/audio-downloads/Music/David Guetta - Lego el ritmo de verdad.mp3,,
Death Cab For Cutie - I will follow you into the dark.mp3,189.2,filed,artist+title,Death Cab for Cutie,I Will Follow You Into the Dark,Plans,Death Cab for Cutie,2005,bc7630eb-521a-3312-a281-adfb8c5aac7d,025eaf54-9ae7-497e-9b81-a2fed09b53ff,/mnt/pangea/Music/Death Cab for Cutie/Plans/01 - I Will Follow You Into the Dark.mp3,,
Depeche Mode - Martir.mp3,188.7,inbox,,,,,,,,,/mnt/pangea/audio-downloads/Music/Depeche Mode - Martir.mp3,,
Depeche Mode - Personal Jesus.mp3,296.0,filed,artist+title,Depeche Mode,Personal Jesus,Violator,Depeche Mode,1990,71f1482e-e63f-3b2c-811b-939f62708f2a,e393dc1a-fd66-4696-89ad-365cc594fa83,/mnt/pangea/audio-library/Depeche Mode/Violator/03 - Personal Jesus.mp3,,
Destiny's Child - Survivor.mp3,258.5,filed,artist+title,Destiny’s Child,Survivor,Survivor,Destiny’s Child,2001,9def6672-e304-36f1-9d32-59ab846d1da8,f08aa835-a48d-46cc-9fd3-1561966129cf,/mnt/pangea/Music/Destiny’s Child/Survivor/02 - Survivor.mp3,,
Dj Francesco - La canzone del capitano.mp3,239.3,inbox,,,,,,,,,/mnt/pangea/audio-downloads/Music/Dj Francesco - La canzone del capitano.mp3,,
Dj Kukas - Cultur.mp3,217.3,inbox,,,,,,,,,/mnt/pangea/audio-downloads/Music/Dj Kukas - Cultur.mp3,,
Dj Kukas - Spaniole session.mp3,240.1,inbox,,,,,,,,,/mnt/pangea/audio-downloads/Music/Dj Kukas - Spaniole session.mp3,,
Dj Lhasa - No controles.mp3,337.3,filed,artist+title,DJ Lhasa,No Controles (Mabra extended mix),No Controles (remixes),DJ Lhasa,2004,f9c30efd-f00d-4f18-bdab-540c5712045a,f0ba4c98-f4df-4bc7-8407-61f120202cea,/mnt/pangea/Music/DJ Lhasa/No Controles (remixes)/01 - No Controles (Mabra extended mix).mp3,,
Dj POK - Jazzberri spirit.mp3,493.3,inbox,,,,,,,,,/mnt/pangea/audio-downloads/Music/Dj POK - Jazzberri spirit.mp3,,
Dj Tiesto - Walking on clouds.mp3,447.1,filed,artist+title,Tiësto feat. Kirsty Hawkshaw,Walking on Clouds,Just Be,Tiësto,2004,71291477-8764-4c4d-9963-709d4a009313,c4efeb55-12db-4c92-a2af-6e30d852d07c,/mnt/pangea/Music/Tiësto/Just Be/07 - Walking on Clouds.mp3,,
Dj t & ooka Shade - Played runner.mp3,494.7,inbox,,,,,,,,,/mnt/pangea/audio-downloads/Music/Dj t & ooka Shade - Played runner.mp3,,
Donatella Rettore - Dammi una lametta che mi taglio le vene.mp3,177.9,inbox,,,,,,,,,/mnt/pangea/audio-downloads/Music/Donatella Rettore - Dammi una lametta che mi taglio le vene.mp3,,
Donatella Rettore - Il cobra.mp3,208.0,inbox,,,,,,,,,/mnt/pangea/audio-downloads/Music/Donatella Rettore - Il cobra.mp3,,
Donna Summer - I feel love.mp3,225.5,filed,artist+title,Donna Summer,I Feel Love,I Feel Love,Donna Summer,,d5e3b639-dd70-3ad6-847a-2566c96b31af,2ee598c1-ceb8-4d44-bb0e-174d6a7be5a1,/mnt/pangea/audio-library/Donna Summer/I Feel Love/01 - I Feel Love.mp3,,
Dragonball Z - Cha La Head Cha La.mp3,197.2,inbox,,,,,,,,,/mnt/pangea/audio-downloads/Music/Dragonball Z - Cha La Head Cha La.mp3,,
Drowning Pool - Bodies.mp3,225.9,filed,artist+title,Drowning Pool,Bodies,Sinner,Drowning Pool,2014,0a67b799-032f-3212-ba23-66b69d66408d,8b83d491-18a0-4719-ad96-2ca01aaf56e1,/mnt/pangea/Music/Drowning Pool/Sinner/12 - Bodies.mp3,,
Drowning Pool - Rise up.mp3,194.8,inbox,,,,,,,,,/mnt/pangea/audio-downloads/Music/Drowning Pool - Rise up.mp3,,
Drowning Pool - Step up.mp3,198.9,filed,artist+title,Drowning Pool,Step Up,Desensitized,Drowning Pool,2004,aa0fd225-535b-3115-aafd-62031c2a9b22,87b71a5c-8283-41c2-ab6c-d67015d649fe,/mnt/pangea/Music/Drowning Pool/Desensitized/02 - Step Up.mp3,,
Drowning Pool - The game.mp3,212.5,filed,artist+title,Drowning Pool,The Game,Tear Away,Drowning Pool,2002,a80c9924-ae90-336b-8844-a6b8d1ebef07,6ca22ffc-07f6-4fd7-ab33-8d0538e520a4,/mnt/pangea/Music/Drowning Pool/Tear Away/02 - The Game.mp3,,
East Clubbers - To the moon and back.mp3,201.4,filed,artist+title,East Clubbers,To the Moon and Back,E Quality,East Clubbers,2004,6657e5d9-4dd2-30f7-aeb8-4567b7911544,0b215d4b-24aa-464f-a68e-6e7e574c1a10,/mnt/pangea/Music/East Clubbers/E Quality/05 - To the Moon and Back.mp3,,
Ed Sheeran - All Of The Stars.mp3,235.0,filed,artist+title,Ed Sheeran,All of the Stars,×,Ed Sheeran,2014,c24e5416-cd2e-4cff-851b-5faa78db98a2,09d1ea6e-23d5-4c68-9ec3-de5240cb6b8a,/mnt/pangea/Music/Ed Sheeran/×/17 - All of the Stars.mp3,,
Ed Sheeran - Don't.mp3,216.9,filed,artist+title,Ed Sheeran,Don't,×,Ed Sheeran,2014,c24e5416-cd2e-4cff-851b-5faa78db98a2,1f66976e-5951-4350-b91a-e4c2cd615a85,/mnt/pangea/Music/Ed Sheeran/×/04 - Don't.mp3,,
Ed Sheeran - Drunk.mp3,199.2,filed,artist+title,Ed Sheeran,Drunk,+,Ed Sheeran,2011,05ce100c-eddf-4967-8d7e-33fc0883fe39,1e197ea2-7af9-4a77-9e69-ba0d462624d4,/mnt/pangea/Music/Ed Sheeran/+/02 - Drunk.mp3,,
Ed Sheeran - Give Me Love.mp3,324.9,filed,artist+title,Ed Sheeran,Give Me Love,The A Team,Ed Sheeran,2011,7a2d6eb5-3faf-4801-84a5-53bf55c82f2b,fa127321-a2b0-4174-9e31-5f0722a85787,/mnt/pangea/Music/Ed Sheeran/The A Team/04 - Give Me Love.mp3,,
Ed Sheeran - Kiss Me.mp3,280.9,filed,artist+title,Ed Sheeran,Kiss Me,+,Ed Sheeran,2011,05ce100c-eddf-4967-8d7e-33fc0883fe39,1e197ea2-7af9-4a77-9e69-ba0d462624d4,/mnt/pangea/Music/Ed Sheeran/+/11 - Kiss Me.mp3,,
Ed Sheeran - Thinking Out Loud.mp3,296.6,inbox,,,,,,,,,/mnt/pangea/audio-downloads/Music/Ed Sheeran - Thinking Out Loud.mp3,,
Ed Sheeran - This.mp3,196.5,filed,artist+title,Ed Sheeran,This,+,Ed Sheeran,2011,05ce100c-eddf-4967-8d7e-33fc0883fe39,1e197ea2-7af9-4a77-9e69-ba0d462624d4,/mnt/pangea/Music/Ed Sheeran/+/07 - This.mp3,,
Edoardo Bennato & Alex Britti - Notte di mezza estate.mp3,216.1,inbox,,,,,,,,,/mnt/pangea/audio-downloads/Music/Edoardo Bennato & Alex Britti - Notte di mezza estate.mp3,,
Elio - Peli nel culo.mp3,184.6,inbox,,,,,,,,,/mnt/pangea/audio-downloads/Music/Elio - Peli nel culo.mp3,,
Ellie Goulding - Burn.mp3,238.2,filed,artist+title,Ellie Goulding,Burn,Halcyon Days,Ellie Goulding,2013,d1306db5-8c22-410e-b810-66f9b5e20d2a,641b0a19-db9b-47ba-bec8-d40f0abb4e5d,/mnt/pangea/Music/Ellie Goulding/Halcyon Days/14 - Burn.mp3,,
Elton John - Daniel.mp3,235.2,filed,artist+title,Elton John,Daniel,Don't Shoot Me I'm Only The Piano Player,Elton John,1973,0293c693-a065-395b-b9be-06a7f69b3e57,8e93b0f9-8757-464b-8987-541750ba1cb8,/mnt/pangea/Music/Elton John/Don't Shoot Me I'm Only The Piano Player/01 - Daniel.mp3,,
Elton John - Goodbye yellow brick road.mp3,194.9,filed,artist+title,Elton John,Goodbye Yellow Brick Road,Goodbye Yellow Brick Road,Elton John,1973,80df0f1b-4ce7-348a-aa1b-0d31ebff111a,111c508a-31db-4094-b678-8bb4b188d4bd,/mnt/pangea/audio-library/Elton John/Goodbye Yellow Brick Road/1-04 - Goodbye Yellow Brick Road.mp3,,
Elton John - Rocket Man.mp3,282.4,filed,artist+title,Elton John,"Rocket Man (I Think It’s Going to Be a Long, Long Time)",Honky Château,Elton John,1972,e17f2d6e-7849-37f9-a6d8-cda4d59cea28,b4d2ab07-e1d8-4dec-800b-b1636fbb773f,"/mnt/pangea/audio-library/Elton John/Honky Château/05 - Rocket Man (I Think It’s Going to Be a Long, Long Time).mp3",,
Elton John - Sacrifice.mp3,307.8,filed,artist+title,Elton John,Sacrifice,Sleeping With the Past,Elton John,1989,67be09d7-0701-34fc-812e-ef6c93864285,748e6b33-1f08-4e11-8265-9e36b1d612cb,/mnt/pangea/Music/Elton John/Sleeping With the Past/07 - Sacrifice.mp3,,
Elton John - Your song.mp3,242.4,filed,artist+title,Elton John,Your Song,Elton John,Elton John,1970,527eeafc-adbc-3c85-a048-0711acb4a932,d84bf253-2b60-4f01-bf43-af905b92d6a9,/mnt/pangea/audio-library/Elton John/Elton John/01 - Your Song.mp3,,
Emeli Sande & Professor Green - Read All About It.mp3,235.8,filed,title only,Professor Green feat. Emeli Sandé,Read All About It,At Your Inconvenience,Professor Green,2011,1b456acc-323a-4e67-a831-9bf65bebf519,f17aa309-fe73-4f81-ae30-2125c653753b,/mnt/pangea/Music/Professor Green/At Your Inconvenience/03 - Read All About It.mp3,,
Emeli Sande - Heaven.mp3,251.0,filed,artist+title,Emeli Sandé,Heaven,Our Version of Events,Emeli Sandé,2012,62966e25-b64d-4009-8baa-30362dfdd507,3e8d4da4-6646-41f3-9c36-553ef0274721,/mnt/pangea/Music/Emeli Sandé/Our Version of Events/01 - Heaven.mp3,,
Eminem - Ass like that.mp3,265.6,inbox,,,,,,,,,/mnt/pangea/audio-downloads/Music/Eminem - Ass like that.mp3,,
Eminem - Just lose it.mp3,248.9,filed,artist+title,Eminem,Just Lose It,Encore,Eminem,2004,38a1cae8-d480-3a44-835a-19b0fe768813,5166ad5d-1a4d-42ab-9d05-dc347ccb030d,/mnt/pangea/Music/Eminem/Encore/13 - Just Lose It.mp3,,
Eminem - Like Toy Soldiers.mp3,295.7,filed,artist+title,Eminem,Like Toy Soldiers,Encore,Eminem,2004,38a1cae8-d480-3a44-835a-19b0fe768813,5166ad5d-1a4d-42ab-9d05-dc347ccb030d,/mnt/pangea/Music/Eminem/Encore/05 - Like Toy Soldiers.mp3,,
Eminem - Not Afraid.mp3,249.8,filed,artist+title,Eminem,Not Afraid,Recovery,Eminem,2010,a5056c3b-730f-493b-b10e-52f678d72b85,9f02dcde-f248-4b89-9608-0f321c43837f,/mnt/pangea/Music/Eminem/Recovery/07 - Not Afraid.mp3,,
Eminem - Without Me.mp3,290.4,filed,artist+title,Eminem,Without Me,The Eminem Show,Eminem,2002,e9585ed4-d148-3711-bbee-55a97b58325a,8c577c73-d27e-4536-9c25-9f0134ae36aa,/mnt/pangea/Music/Eminem/The Eminem Show/10 - Without Me.mp3,,
Eminem feat Dido - Stan.mp3,403.6,filed,artist+title,Eminem feat. Dido,Stan,The Marshall Mathers LP,Eminem,2000,b0fa91c8-0996-38f1-ab84-797f58d7c4eb,d6dbf151-f092-4df7-89ab-f0da3ebe539c,/mnt/pangea/Music/Eminem/The Marshall Mathers LP/03 - Stan.mp3,,
Enya - Only time.mp3,222.5,filed,artist+title,Enya,Only Time,A Day Without Rain,Enya,2000,ac954fa2-8c31-3667-aa2d-8be1e93c54bc,9b22859c-fee7-31a8-a7de-5cd030fdc8b3,/mnt/pangea/Music/Enya/A Day Without Rain/03 - Only Time.mp3,,
Eros Ramazzotti & Anastacia - I Belong to you.mp3,265.8,inbox,,,,,,,,,/mnt/pangea/audio-downloads/Music/Eros Ramazzotti & Anastacia - I Belong to you.mp3,,
Eros Ramazzotti - Bambino nel tempo.mp3,278.9,filed,artist+title,Eros Ramazzotti,Bambino nel tempo,Calma apparente,Eros Ramazzotti,2005,ca12fea2-61eb-3bee-971e-0ecc3e2d977e,360599e1-df19-43cf-bb18-3115f42772c1,/mnt/pangea/Music/Eros Ramazzotti/Calma apparente/03 - Bambino nel tempo.mp3,,
Eros Ramazzotti - La nostra vita.mp3,255.6,filed,artist+title,Eros Ramazzotti,La nostra vita,La nostra vita,Eros Ramazzotti,2005,adbe5104-14cd-3833-89a5-1de27037c66d,ef8d80b3-fb25-435d-b81b-849a6047746e,/mnt/pangea/audio-library/Eros Ramazzotti/La nostra vita/01 - La nostra vita.mp3,,
Eros Ramazzotti - Un'emozione per sempre.mp3,240.5,filed,artist+title,Eros Ramazzotti,Un’emozione per sempre,9,Eros Ramazzotti,2003,cac87020-c1a5-3ed4-9be4-7fec447242a5,94d77993-4d2b-4813-bd98-a164e0dee69e,/mnt/pangea/Music/Eros Ramazzotti/9/03 - Un’emozione per sempre.mp3,,
Eros Ramazzotti -Ti sposero perchè.mp3,244.3,filed,artist+title,Eros Ramazzotti,Ti sposerò perché,Musica è,Eros Ramazzotti,1988,a23f43c2-7455-36c6-9463-62fd39e72400,074739d0-da69-451a-b7a4-475d415ac688,/mnt/pangea/Music/Eros Ramazzotti/Musica è/03 - Ti sposerò perché.mp3,,
Eugenio Finardi - Colonna sonora di Desideria.mp3,224.3,inbox,,,,,,,,,/mnt/pangea/audio-downloads/Music/Eugenio Finardi - Colonna sonora di Desideria.mp3,,
Europe - The Final Countdown.mp3,311.0,filed,artist+title,Europe,The Final Countdown,The Final Countdown,Europe,1986,da4f2d37-3eb9-3d62-800d-88d345551ec9,ad72eb01-08fe-4f31-8f1e-c819e92a100e,/mnt/pangea/audio-library/Europe/The Final Countdown/01 - The Final Countdown.mp3,,
Eurythmics - Sweet dreams.mp3,292.3,filed,artist+title,Eurythmics,Sweet Dreams (Are Made of This),Sweet Dreams (Are Made of This),Eurythmics,1982,a934040c-9a74-34ce-8b42-0db87b493dae,06be171e-8f38-4e8c-a2d1-f25452d231b8,/mnt/pangea/audio-library/Eurythmics/Sweet Dreams (Are Made of This)/01 - Sweet Dreams (Are Made of This).mp3,,same file as 1 other name(s)
Eurytmics - Sweet Dreams.mp3,292.3,filed,artist+title,Eurythmics,Sweet Dreams (Are Made of This),Sweet Dreams (Are Made of This),Eurythmics,1982,a934040c-9a74-34ce-8b42-0db87b493dae,06be171e-8f38-4e8c-a2d1-f25452d231b8,/mnt/pangea/audio-library/Eurythmics/Sweet Dreams (Are Made of This)/01 - Sweet Dreams (Are Made of This).mp3,,same file as 1 other name(s)
Evanescence - Anything for you.mp3,205.4,inbox,,,,,,,,,/mnt/pangea/audio-downloads/Music/Evanescence - Anything for you.mp3,,
Evanescence - Anywhere.mp3,363.7,inbox,,,,,,,,,/mnt/pangea/audio-downloads/Music/Evanescence - Anywhere.mp3,,
Evanescence - Ascencion of the spirit.mp3,196.6,inbox,,,,,,,,,/mnt/pangea/audio-downloads/Music/Evanescence - Ascencion of the spirit.mp3,,
Evanescence - Before the dawn.mp3,197.5,inbox,,,,,,,,,/mnt/pangea/audio-downloads/Music/Evanescence - Before the dawn.mp3,,
Evanescence - Bleed.mp3,258.5,inbox,,,,,,,,,/mnt/pangea/audio-downloads/Music/Evanescence - Bleed.mp3,,
Evanescence - Breathe no more.mp3,213.9,inbox,,,,,,,,,/mnt/pangea/audio-downloads/Music/Evanescence - Breathe no more.mp3,,
Evanescence - Bring me to life.mp3,237.3,filed,artist+title,Evanescence,Bring Me to Life,Fallen,Evanescence,2003,2187d248-1a3b-35d0-a4ec-bead586ff547,f2e9ef16-3e8c-40fa-aa33-5016f8396d48,/mnt/pangea/audio-library/Evanescence/Fallen/02 - Bring Me to Life.mp3,,
Evanescence - Broken.mp3,257.3,inbox,,,,,,,,,/mnt/pangea/audio-downloads/Music/Evanescence - Broken.mp3,,
Evanescence - Call me when your're sober.mp3,214.8,filed,artist+title,Evanescence,Call Me When You’re Sober,The Open Door,Evanescence,2006,e7e5eaa6-baf3-3539-b163-759431597f3a,f3a8b76a-ffad-4e50-8060-d9e3972c21bd,/mnt/pangea/Music/Evanescence/The Open Door/02 - Call Me When You’re Sober.mp3,,
Evanescence - Eternal.mp3,442.5,inbox,,,,,,,,,/mnt/pangea/audio-downloads/Music/Evanescence - Eternal.mp3,,
Evanescence - Even in death.mp3,249.1,inbox,,,,,,,,,/mnt/pangea/audio-downloads/Music/Evanescence - Even in death.mp3,,
Evanescence - Everybody fool.mp3,195.9,filed,artist+title,Evanescence,Everybody’s Fool,Fallen,Evanescence,2003,2187d248-1a3b-35d0-a4ec-bead586ff547,f2e9ef16-3e8c-40fa-aa33-5016f8396d48,/mnt/pangea/Music/Evanescence/Fallen/03 - Everybody’s Fool.mp3,,
Evanescence - Exodus.mp3,185.1,filed,artist+title,Evanescence,Exodus,Evanescence,Evanescence,1998,902331d8-67aa-3b3c-bb2a-786d6a66c823,0b765eaf-d58e-48da-80b1-c50a4a8c3b15,/mnt/pangea/Music/Evanescence/Evanescence/04 - Exodus.mp3,,
Evanescence - Farther away.mp3,302.6,inbox,,,,,,,,,/mnt/pangea/audio-downloads/Music/Evanescence - Farther away.mp3,,
Evanescence - Field of innocence.mp3,313.7,inbox,,,,,,,,,/mnt/pangea/audio-downloads/Music/Evanescence - Field of innocence.mp3,,
Evanescence - Forgive me.mp3,181.8,filed,artist+title,Evanescence,Forgive Me,Fallen (Brazil edition),Evanescence,2004,2187d248-1a3b-35d0-a4ec-bead586ff547,b6d2ff2c-9992-4f63-a062-14957e45ca55,/mnt/pangea/Music/Evanescence/Fallen (Brazil edition)/12 - Forgive Me.mp3,,
Evanescence - Give unto me.mp3,349.9,filed,artist+title,Evanescence,Give Unto Me,Evanescence,Evanescence,1998,902331d8-67aa-3b3c-bb2a-786d6a66c823,0b765eaf-d58e-48da-80b1-c50a4a8c3b15,/mnt/pangea/Music/Evanescence/Evanescence/09 - Give Unto Me.mp3,,
Evanescence - Going under.mp3,215.0,filed,artist+title,Evanescence,Going Under,Fallen,Evanescence,2003,2187d248-1a3b-35d0-a4ec-bead586ff547,f2e9ef16-3e8c-40fa-aa33-5016f8396d48,/mnt/pangea/Music/Evanescence/Fallen/01 - Going Under.mp3,,
Evanescence - Goodnight.mp3,92.8,inbox,,,,,,,,,/mnt/pangea/audio-downloads/Music/Evanescence - Goodnight.mp3,,
Evanescence - Heart shaped box.mp3,236.6,inbox,,,,,,,,,/mnt/pangea/audio-downloads/Music/Evanescence - Heart shaped box.mp3,,
Evanescence - I must be dreaming.mp3,258.4,inbox,,,,,,,,,/mnt/pangea/audio-downloads/Music/Evanescence - I must be dreaming.mp3,,
Evanescence - Lies.mp3,230.0,inbox,,,,,,,,,/mnt/pangea/audio-downloads/Music/Evanescence - Lies.mp3,,
Evanescence - Listen to the rain.mp3,194.1,inbox,,,,,,,,,/mnt/pangea/audio-downloads/Music/Evanescence - Listen to the rain.mp3,,
Evanescence - Lithium.mp3,224.1,filed,artist+title,Evanescence,Lithium,The Open Door,Evanescence,2006,e7e5eaa6-baf3-3539-b163-759431597f3a,f3a8b76a-ffad-4e50-8060-d9e3972c21bd,/mnt/pangea/Music/Evanescence/The Open Door/04 - Lithium.mp3,,
Evanescence - Missing.mp3,255.6,filed,artist+title,Evanescence,Missing,Fallen (20th anniversary),Evanescence,2023,2187d248-1a3b-35d0-a4ec-bead586ff547,1b2cafc0-2870-4d6e-844c-b516a174e9d9,/mnt/pangea/Music/Evanescence/Fallen (20th anniversary)/04 - Missing.mp3,,
Evanescence - My Immortal.mp3,264.3,inbox,,,,,,,,,/mnt/pangea/audio-downloads/Music/Evanescence - My Immortal.mp3,,
Evanescence - October.mp3,386.7,filed,artist+title,Evanescence,October,Fallen (Brazil edition),Evanescence,2004,2187d248-1a3b-35d0-a4ec-bead586ff547,b6d2ff2c-9992-4f63-a062-14957e45ca55,/mnt/pangea/Music/Evanescence/Fallen (Brazil edition)/01 - October.mp3,,
Evanescence - Origin.mp3,236.7,inbox,,,,,,,,,/mnt/pangea/audio-downloads/Music/Evanescence - Origin.mp3,,
Evanescence - So close.mp3,269.1,filed,artist+title,Evanescence,So Close,Evanescence,Evanescence,1998,902331d8-67aa-3b3c-bb2a-786d6a66c823,abc49660-ec09-424d-8d17-61f8467ffd57,/mnt/pangea/Music/Evanescence/Evanescence/05 - So Close.mp3,,
Evanescence - Solitude.mp3,346.3,filed,artist+title,Evanescence,Solitude,Evanescence,Evanescence,1998,902331d8-67aa-3b3c-bb2a-786d6a66c823,abc49660-ec09-424d-8d17-61f8467ffd57,/mnt/pangea/Music/Evanescence/Evanescence/02 - Solitude.mp3,,
Evanescence - Surrender.mp3,215.6,inbox,,,,,,,,,/mnt/pangea/audio-downloads/Music/Evanescence - Surrender.mp3,,
Evanescence - The End.mp3,120.1,filed,artist+title,Evanescence,The End,Evanescence,Evanescence,1998,902331d8-67aa-3b3c-bb2a-786d6a66c823,abc49660-ec09-424d-8d17-61f8467ffd57,/mnt/pangea/Music/Evanescence/Evanescence/07 - The End.mp3,,
Evanescence - The last song I'm wasting on you.mp3,247.9,filed,artist+title,Evanescence,The Last Song I’m Wasting on You,The Open Door,Evanescence,2006,e7e5eaa6-baf3-3539-b163-759431597f3a,5360f0b4-3458-4ca3-af37-bdf79deccd0f,/mnt/pangea/Music/Evanescence/The Open Door/14 - The Last Song I’m Wasting on You.mp3,,
Evanescence - Thoughtless.mp3,277.1,inbox,,,,,,,,,/mnt/pangea/audio-downloads/Music/Evanescence - Thoughtless.mp3,,
Evanescence - Understanding.mp3,441.7,filed,artist+title,Evanescence,Understanding,Evanescence,Evanescence,1998,902331d8-67aa-3b3c-bb2a-786d6a66c823,abc49660-ec09-424d-8d17-61f8467ffd57,/mnt/pangea/Music/Evanescence/Evanescence/06 - Understanding.mp3,,
Evanescence - Where will you go.mp3,227.9,filed,artist+title,Evanescence,Where Will You Go,Evanescence,Evanescence,1998,902331d8-67aa-3b3c-bb2a-786d6a66c823,0b765eaf-d58e-48da-80b1-c50a4a8c3b15,/mnt/pangea/Music/Evanescence/Evanescence/01 - Where Will You Go.mp3,,
Evanescence - You.mp3,278.4,inbox,,,,,,,,,/mnt/pangea/audio-downloads/Music/Evanescence - You.mp3,,
Evanescence Away from me.mp3,210.8,inbox,,,,,,,,,/mnt/pangea/audio-downloads/Music/Evanescence Away from me.mp3,,
F.e.d.o. - Be original gambafreaks vs sound academy.mp3,302.4,inbox,,,,,,,,,/mnt/pangea/audio-downloads/Music/F.e.d.o. - Be original gambafreaks vs sound academy.mp3,,
Fabio - Materazzi ha fatto goal.mp3,157.0,inbox,,,,,,,,,/mnt/pangea/audio-downloads/Music/Fabio - Materazzi ha fatto goal.mp3,,
Fabio Junior - Vinte e poucos anos.mp3,233.4,inbox,,,,,,,,,/mnt/pangea/audio-downloads/Music/Fabio Junior - Vinte e poucos anos.mp3,,
Fabri Fibra - Applausi per Fibra.mp3,253.0,inbox,,,,,,,,,/mnt/pangea/audio-downloads/Music/Fabri Fibra - Applausi per Fibra.mp3,,
Fabri Fibra - Che cazzata.mp3,240.1,filed,artist+title,Fabri Fibra,Che cazzata,Tradimento / Pensieri scomodi,Fabri Fibra,2006,6ed2f08f-aab0-329e-9192-7c5be6882152,fb62c9b6-e95f-4fd6-9908-485193e87b40,/mnt/pangea/Music/Fabri Fibra/Tradimento _ Pensieri scomodi/16 - Che cazzata.mp3,,
Fabri Fibra - Il triangolo sì.mp3,228.3,filed,artist+title,Fabri Fibra,Il triangolo sì,Tradimento / Pensieri scomodi,Fabri Fibra,2006,6ed2f08f-aab0-329e-9192-7c5be6882152,fb62c9b6-e95f-4fd6-9908-485193e87b40,/mnt/pangea/Music/Fabri Fibra/Tradimento _ Pensieri scomodi/13 - Il triangolo sì.mp3,,
Fabri Fibra - La pula bussò.mp3,244.2,filed,artist+title,Fabri Fibra,La pula bussò,Tradimento / Pensieri scomodi,Fabri Fibra,2006,6ed2f08f-aab0-329e-9192-7c5be6882152,fb62c9b6-e95f-4fd6-9908-485193e87b40,/mnt/pangea/Music/Fabri Fibra/Tradimento _ Pensieri scomodi/06 - La pula bussò.mp3,,
Fabri Fibra - Mal di stomaco.mp3,225.7,filed,artist+title,Fabri Fibra,Mal di stomaco,Tradimento Platinum Edition,Fabri Fibra,2006,6ed2f08f-aab0-329e-9192-7c5be6882152,dea3d2dd-58f3-46ef-8404-c6b736c2f2bb,/mnt/pangea/Music/Fabri Fibra/Tradimento Platinum Edition/04 - Mal di stomaco.mp3,,
Fabri Fibra - Mi stai sul cazzo.mp3,161.3,filed,artist+title,Fabri Fibra,Mi stai sul cazzo,Turbe giovanili,Fabri Fibra,2002,362bdb92-62fb-31bc-bacb-907ba6d38435,939af005-0a97-4cd5-b3de-d9e2b3fad64f,/mnt/pangea/Music/Fabri Fibra/Turbe giovanili/08 - Mi stai sul cazzo.mp3,,
Fabri Fibra - Non fare la puttana.mp3,194.3,filed,artist+title,Fabri Fibra,Non fare la puttana,Mr. Simpatia,Fabri Fibra,2004,d9effff2-1bba-3ada-ae42-90672706535a,9be6c4f6-ae31-4a27-af82-3cd053b36f9f,/mnt/pangea/Music/Fabri Fibra/Mr. Simpatia/12 - Non fare la puttana.mp3,,
Fabri Fibra - Rap in vena.mp3,227.7,filed,artist+title,Fabri Fibra,Rap in vena,Mr. Simpatia,Fabri Fibra,2004,d9effff2-1bba-3ada-ae42-90672706535a,9be6c4f6-ae31-4a27-af82-3cd053b36f9f,/mnt/pangea/Music/Fabri Fibra/Mr. Simpatia/08 - Rap in vena.mp3,,
Fabri Fibra - Su le mani.mp3,234.2,filed,artist+title,Fabri Fibra,Su le mani,Tradimento / Pensieri scomodi,Fabri Fibra,2006,6ed2f08f-aab0-329e-9192-7c5be6882152,fb62c9b6-e95f-4fd6-9908-485193e87b40,/mnt/pangea/Music/Fabri Fibra/Tradimento _ Pensieri scomodi/02 - Su le mani.mp3,,
Fabri Fibra - Vaffanculo scemo.mp3,191.3,filed,artist+title,Fabri Fibra feat. Nesli,Vaffanculo scemo,Tradimento / Pensieri scomodi,Fabri Fibra,2006,6ed2f08f-aab0-329e-9192-7c5be6882152,fb62c9b6-e95f-4fd6-9908-485193e87b40,/mnt/pangea/Music/Fabri Fibra/Tradimento _ Pensieri scomodi/12 - Vaffanculo scemo.mp3,,
Fabri Fibra vs Esa - Freestyle.mp3,135.8,inbox,,,,,,,,,/mnt/pangea/audio-downloads/Music/Fabri Fibra vs Esa - Freestyle.mp3,,
Fausto Leali - E noi a lavorare.mp3,194.6,filed,artist+title,Fausto Leali,E noi a lavorare,Anima nuda,Fausto Leali,1995,ecea29d5-625e-40e4-9d2a-25a0d0ee631b,11ddc9af-e13f-4aae-999e-436de6a979bf,/mnt/pangea/Music/Fausto Leali/Anima nuda/09 - E noi a lavorare.mp3,,
Fergie - London bridge.mp3,215.0,filed,artist+title,Fergie,London Bridge (dirty version),London Bridge,Fergie,2006,09771485-3fb3-471f-8839-cea87155e023,16541514-2fc3-4559-8775-a7f17d2363f4,/mnt/pangea/Music/Fergie/London Bridge/01 - London Bridge (dirty version).mp3,,
Fifty Cents & Sean Paul - In the club.mp3,,—,,,,,,,,,,,
Fifty Cents - Candy shop.mp3,210.7,inbox,,,,,,,,,/mnt/pangea/audio-downloads/Music/Fifty Cents - Candy shop.mp3,,
Finley - Diventerai una star.mp3,184.5,filed,artist+title,Finley,Diventerai una star,Hardpop 06,Finley,2006,f6ab85bb-000c-3b26-9847-2ce8443b9ea7,1539e83d-eaac-49c9-b001-0c652100f4a1,/mnt/pangea/Music/Finley/Hardpop 06/13 - Diventerai una star.mp3,,
Finley - Fumo e cenere.mp3,191.1,filed,artist+title,Finley,Fumo e cenere,Tutto è possibile,Finley,2006,f6ab85bb-000c-3b26-9847-2ce8443b9ea7,9fc2ed71-2372-4eca-ac16-595f70e64f04,/mnt/pangea/Music/Finley/Tutto è possibile/03 - Fumo e cenere.mp3,,
Finley - Scegli me.mp3,211.7,filed,artist+title,Finley,Scegli me,Hardpop 06,Finley,2006,f6ab85bb-000c-3b26-9847-2ce8443b9ea7,1539e83d-eaac-49c9-b001-0c652100f4a1,/mnt/pangea/Music/Finley/Hardpop 06/15 - Scegli me.mp3,,
Finley - Sole di Settembre.mp3,218.6,filed,artist+title,Finley,Sole di settembre,Hardpop 06,Finley,2006,f6ab85bb-000c-3b26-9847-2ce8443b9ea7,1539e83d-eaac-49c9-b001-0c652100f4a1,/mnt/pangea/Music/Finley/Hardpop 06/11 - Sole di settembre.mp3,,
Finley - Tutto è possibile.mp3,207.6,filed,artist+title,Finley,Tutto è possibile,Tutto è possibile,Finley,2006,f6ab85bb-000c-3b26-9847-2ce8443b9ea7,9fc2ed71-2372-4eca-ac16-595f70e64f04,/mnt/pangea/Music/Finley/Tutto è possibile/01 - Tutto è possibile.mp3,,
Flaminio Maphia - Che idea.mp3,282.5,filed,artist+title,Flaminio Maphia,Che idea!,Per un pugno di euri,Flaminio Maphia,2005,ab27851d-3262-3152-9f30-7b81e48472e3,9632f8cf-8cc1-443e-bdc3-b8fcdc368a05,/mnt/pangea/Music/Flaminio Maphia/Per un pugno di euri/05 - Che idea!.mp3,,
Flauto indiano.mp3,,—,,,,,,,,,,,
Foo Fighters - Walk.mp3,256.0,filed,artist+title,Foo Fighters,Walk,Wasting Light,Foo Fighters,2011,91825bcf-e51d-4357-986c-ac2a49b4d205,cb62cb55-f321-4da7-a207-c7f858de4f92,/mnt/pangea/Music/Foo Fighters/Wasting Light/11 - Walk.mp3,,
Four Five - Faith.mp3,298.2,inbox,,,,,,,,,/mnt/pangea/audio-downloads/Music/Four Five - Faith.mp3,,
Four Five - Through The Darkness.mp3,270.2,inbox,,,,,,,,,/mnt/pangea/audio-downloads/Music/Four Five - Through The Darkness.mp3,,
Fragma - Toca's Miracle.mp3,200.4,filed,artist+title,Fragma,Toca’s Miracle,Toca’s Miracle,Fragma,2000,7fdc1298-8548-3104-a166-b553dd3e2043,e5921147-5080-41a2-92a5-4271c8f6d420,/mnt/pangea/audio-library/Fragma/Toca’s Miracle/01 - Toca’s Miracle.mp3,,
Francesco Renga - Un giorno in più.mp3,242.6,filed,artist+title,Francesco Renga,Un giorno in più,Tracce,Francesco Renga,2002,22cc76f3-6b08-3feb-8f5c-bf73253f3443,d1bf0e5b-5dd6-4f99-9900-cc28b5350829,/mnt/pangea/Music/Francesco Renga/Tracce/06 - Un giorno in più.mp3,,
Franco Califano - Ristorante macrobiotico.mp3,86.1,inbox,,,,,,,,,/mnt/pangea/audio-downloads/Music/Franco Califano - Ristorante macrobiotico.mp3,,
Franco Califano - Un tempo piccolo.mp3,251.4,inbox,,,,,,,,,/mnt/pangea/audio-downloads/Music/Franco Califano - Un tempo piccolo.mp3,,
Frank Sinatra - I´ve Got You Under My Skin.mp3,222.8,inbox,,,,,,,,,/mnt/pangea/audio-downloads/Music/Frank Sinatra - I´ve Got You Under My Skin.mp3,,
Fun & Janelle Monàe - We Are Young.mp3,250.7,filed,artist+title,Fun featuring Janelle Monae,We Are Young,Some Nights,Fun,2013,a969cc3c-2ab3-4799-acb1-50e1325cb290,71f3beb7-d87a-4061-a7f9-71abdc2f8e54,/mnt/pangea/Music/Fun/Some Nights/03 - We Are Young.mp3,,
Ga Shop & f.e.d.o. - Supermarket gamba freaks.mp3,457.7,inbox,,,,,,,,,/mnt/pangea/audio-downloads/Music/Ga Shop & f.e.d.o. - Supermarket gamba freaks.mp3,,
Gabry Ponte & Dj Maxwell - La bambolina.mp3,337.1,filed,artist+title,Gabry Ponte vs. DJ Maxwell,La bambolina,Dottor Jekyll & Mister DJ,Gabry Ponte,2004,4cf927aa-797a-3d54-b467-29660a2deaca,4eeca563-6d55-4cef-b510-665a354d1613,/mnt/pangea/Music/Gabry Ponte/Dottor Jekyll & Mister DJ/05 - La bambolina.mp3,,
Gabry Ponte - Figli di Pitagora.mp3,224.4,filed,artist+title,Gabry Ponte feat. Little Tony,Figli di Pitagora,Dottor Jekyll & Mister DJ,Gabry Ponte,2004,4cf927aa-797a-3d54-b467-29660a2deaca,4eeca563-6d55-4cef-b510-665a354d1613,/mnt/pangea/Music/Gabry Ponte/Dottor Jekyll & Mister DJ/01 - Figli di Pitagora.mp3,,
Gabry Ponte - Impiccheranno Giordy con una corda d'oro.mp3,198.4,inbox,,,,,,,,,/mnt/pangea/audio-downloads/Music/Gabry Ponte - Impiccheranno Giordy con una corda d'oro.mp3,,
Gabry Ponte - La danza delle streghe.mp3,356.1,inbox,,,,,,,,,/mnt/pangea/audio-downloads/Music/Gabry Ponte - La danza delle streghe.mp3,,
Gary Jules - Mad World.mp3,184.3,inbox,,,,,,,,,/mnt/pangea/audio-downloads/Music/Gary Jules - Mad World.mp3,,
Gemalli Diversi - Musica.mp3,267.4,filed,artist+title,Gemelli Diversi,Musica,4 x 4,Gemelli Diversi,2000,6e3b4f52-d5c8-35a3-9950-5047d80c7e5c,ee66a698-f625-4787-8600-ab8240617317,/mnt/pangea/Music/Gemelli Diversi/4 x 4/02 - Musica.mp3,,
Gemelli Diversi - Mary.mp3,304.3,filed,artist+title,Gemelli Diversi,Mary,Fuego,Gemelli Diversi,2002,f5208a51-f976-3c72-9003-6178a6ce1c53,3aa0bb1f-d9e5-43b0-b0cf-db7b0ee76c27,/mnt/pangea/Music/Gemelli Diversi/Fuego/04 - Mary.mp3,,
George Michael & Mary J Blige - As.mp3,286.6,inbox,,,,,,,,,/mnt/pangea/audio-downloads/Music/George Michael & Mary J Blige - As.mp3,,
George Michael - An easier affair.mp3,258.2,inbox,,,,,,,,,/mnt/pangea/audio-downloads/Music/George Michael - An easier affair.mp3,,
George Michael - Careless whisper.mp3,303.6,filed,artist+title,George Michael,Careless Whisper,Careless Whisper,George Michael,1984,91d9ccb1-0c30-3413-8b66-9c2e9a2d86a8,c5d0895c-ce45-4def-bd6f-6a2a46a6d71f,/mnt/pangea/Music/George Michael/Careless Whisper/01 - Careless Whisper.mp3,,
George Michael - Faith.mp3,196.4,filed,artist+title,George Michael,Faith,Faith,George Michael,1987,4e61585f-f341-3174-85cf-afad8df46fbe,14d6afda-36d1-4200-944f-4c5e4c90b770,/mnt/pangea/audio-library/George Michael/Faith/01 - Faith.mp3,,
George Michael - Fast love.mp3,324.7,inbox,,,,,,,,,/mnt/pangea/audio-downloads/Music/George Michael - Fast love.mp3,,
George Michael - Flawless.mp3,207.0,inbox,,,,,,,,,/mnt/pangea/audio-downloads/Music/George Michael - Flawless.mp3,,
George Michael - I want your sex.mp3,281.5,filed,artist+title,George Michael,"I Want Your Sex (7"" version)",Faith,George Michael,2026,4e61585f-f341-3174-85cf-afad8df46fbe,812a8e64-39e6-425f-b103-0a0086ce0b50,/mnt/pangea/Music/George Michael/Faith/37 - I Want Your Sex (7_ version).mp3,,
Gianluca Grignani - Che ne sarà di noi.mp3,232.8,filed,artist+title,Gianluca Grignani,Che ne sarà di noi,Il re del niente,Gianluca Grignani,2005,98938783-69b9-3ad8-9a99-e7510ed19eec,a3e7e4e4-0538-4b3f-85f0-c9b6e9a4bfd3,/mnt/pangea/Music/Gianluca Grignani/Il re del niente/13 - Che ne sarà di noi.mp3,,
Gianluca Grignani - Destinazione paradiso.mp3,229.1,filed,artist+title,Gianluca Grignani,Destinazione paradiso,Destinazione paradiso,Gianluca Grignani,1995,e5d9449d-6aec-3f44-a8d5-b36a9e669618,70bc985f-731a-4f85-b21c-ae548062386f,/mnt/pangea/Music/Gianluca Grignani/Destinazione paradiso/06 - Destinazione paradiso.mp3,,
Gianluca Grignani - Falco a metà.mp3,283.6,filed,artist+title,Gianluca Grignani,Falco a metà,Destinazione paradiso,Gianluca Grignani,1995,e5d9449d-6aec-3f44-a8d5-b36a9e669618,70bc985f-731a-4f85-b21c-ae548062386f,/mnt/pangea/Music/Gianluca Grignani/Destinazione paradiso/02 - Falco a metà.mp3,,
Gianluca Grignani - La mia storia fra le dita.mp3,308.9,filed,artist+title,Gianluca Grignani,La mia storia tra le dita,Destinazione paradiso,Gianluca Grignani,1995,e5d9449d-6aec-3f44-a8d5-b36a9e669618,70bc985f-731a-4f85-b21c-ae548062386f,/mnt/pangea/Music/Gianluca Grignani/Destinazione paradiso/01 - La mia storia tra le dita.mp3,,
Gianluca Grignani - Mi stracci il cuore.mp3,261.5,inbox,,,,,,,,,/mnt/pangea/audio-downloads/Music/Gianluca Grignani - Mi stracci il cuore.mp3,,
Gianluca Grignani - Speciale.mp3,294.5,filed,artist+title,Gianluca Grignani,Speciale,Sdraiato su una nuvola,Gianluca Grignani,2000,a7221aaf-b62d-352a-ada2-79ffcdffbcee,e217c804-1ce2-4ee6-ab55-4874239d20f8,/mnt/pangea/Music/Gianluca Grignani/Sdraiato su una nuvola/01 - Speciale.mp3,,
Gianna Nannini - Io.mp3,272.9,filed,artist+title,Gianna Nannini,Io,Grazie,Gianna Nannini,2006,5469ab10-3f7b-375a-9730-112cdc67642d,56b24a07-b8f8-4566-8129-ec2f7be68ef3,/mnt/pangea/Music/Gianna Nannini/Grazie/08 - Io.mp3,,
Gianna Nannini - Meravigliosa creatura.mp3,187.6,filed,artist+title,Gianna Nannini,Meravigliosa creatura,Perle,Gianna Nannini,2004,1fb6a0a2-29f4-368e-8850-2e17abad20cc,32ad4d36-f9ea-45c2-b08b-8dc426f87fbc,/mnt/pangea/Music/Gianna Nannini/Perle/11 - Meravigliosa creatura.mp3,,
Gianna Nannini - Sei nell'anima.mp3,270.4,filed,artist+title,Gianna Nannini,Sei nell’anima,Grazie,Gianna Nannini,2006,5469ab10-3f7b-375a-9730-112cdc67642d,56b24a07-b8f8-4566-8129-ec2f7be68ef3,/mnt/pangea/Music/Gianna Nannini/Grazie/01 - Sei nell’anima.mp3,,
Gianni Dany - Coom si bell a caval e st cammell.mp3,221.4,inbox,,,,,,,,,/mnt/pangea/audio-downloads/Music/Gianni Dany - Coom si bell a caval e st cammell.mp3,,
Gianni Morandi - Andavo a cento all'ora.mp3,150.2,inbox,,,,,,,,,/mnt/pangea/audio-downloads/Music/Gianni Morandi - Andavo a cento all'ora.mp3,,
Gigi d' Alessio -  Miele.mp3,236.0,filed,artist+title,Gigi D’Alessio,Miele,Uno come te,Gigi D’Alessio,2002,ae9492e9-b9f5-3279-84dc-93179cfec703,051a3aac-5259-4cd1-afdd-69a11a7a6717,/mnt/pangea/Music/Gigi D’Alessio/Uno come te/04 - Miele.mp3,,same file as 1 other name(s)
Gigi d'Alessio & Mario Merola - Cient'anne.mp3,314.3,inbox,,,,,,,,,/mnt/pangea/audio-downloads/Music/Gigi d'Alessio & Mario Merola - Cient'anne.mp3,,
Gigi d'Alessio - Miele.mp3,236.0,filed,artist+title,Gigi D’Alessio,Miele,Uno come te,Gigi D’Alessio,2002,ae9492e9-b9f5-3279-84dc-93179cfec703,051a3aac-5259-4cd1-afdd-69a11a7a6717,/mnt/pangea/Music/Gigi D’Alessio/Uno come te/04 - Miele.mp3,,same file as 1 other name(s)
Gigi d'Alessio - Non dirgli mai.mp3,254.8,filed,artist+title,Gigi D’Alessio,Non dirgli mai,Quando la mia vita cambierà,Gigi D’Alessio,2000,13004db1-4bc8-3a53-b965-c60c5a360351,458895a2-2311-4af7-aac1-8e59c95e39fd,/mnt/pangea/Music/Gigi D’Alessio/Quando la mia vita cambierà/03 - Non dirgli mai.mp3,,
Gigi d'Alessio - Quanti amori.mp3,303.9,inbox,,,,,,,,,/mnt/pangea/audio-downloads/Music/Gigi d'Alessio - Quanti amori.mp3,,
Gigi d'Alessio - Tu che ne sai.mp3,258.9,inbox,,,,,,,,,/mnt/pangea/audio-downloads/Music/Gigi d'Alessio - Tu che ne sai.mp3,,
Gigi d'Alessio - Una notte al telefono.mp3,310.4,filed,artist+title,Gigi D’Alessio,Una notte al telefono,Quando la mia vita cambierà,Gigi D’Alessio,2000,13004db1-4bc8-3a53-b965-c60c5a360351,458895a2-2311-4af7-aac1-8e59c95e39fd,/mnt/pangea/Music/Gigi D’Alessio/Quando la mia vita cambierà/07 - Una notte al telefono.mp3,,
"Gigi d'alessio, Gigi Finizio, Sal da Vinci, Lucio Dalla - Napule.mp3",269.2,filed,artist+title,"Gigi D’Alessio con Gigi Finizio, Sal Da Vinci e Lucio Dalla",Napule,Quanti amori,Gigi D’Alessio,2004,7852902e-18a5-34b6-b29b-a22b893b5c8d,40882c62-9424-4a27-9489-9190e8a555b5,/mnt/pangea/Music/Gigi D’Alessio/Quanti amori/06 - Napule.mp3,,
Gino Paoli - Sapore di sale.mp3,212.9,filed,artist+title,Gino Paoli,Sapore di sale,Basta chiudere gli occhi,Gino Paoli,1964,2f978fcf-e0d7-47a4-87d3-07c4224237cf,cc1ec177-1e01-4115-8c0d-0c4c230c7cad,/mnt/pangea/Music/Gino Paoli/Basta chiudere gli occhi/07 - Sapore di sale.mp3,,
Giorgia - Gocce di memoria.mp3,245.8,inbox,,,,,,,,,/mnt/pangea/audio-downloads/Music/Giorgia - Gocce di memoria.mp3,,
Gloria Gaynor - I Will Survive.mp3,290.4,filed,artist+title,Gloria Gaynor,I Will Survive,Love Tracks,Gloria Gaynor,2019,73c7828a-8549-3447-96cf-777be057829e,8478f38b-e71c-4ee2-8036-9f31b7f6cb9f,/mnt/pangea/Music/Gloria Gaynor/Love Tracks/05 - I Will Survive.mp3,,
Gnarls Barkley - Crazy.mp3,181.4,filed,artist+title,Gnarls Barkley,Crazy,St. Elsewhere,Gnarls Barkley,2006,3c47e22a-82a6-3e49-baf8-70519b6097b7,fd7b7d67-71e2-464a-adae-80d749566ee8,/mnt/pangea/Music/Gnarls Barkley/St. Elsewhere/02 - Crazy.mp3,,
Good Charlotte - We believe.mp3,231.5,filed,artist+title,Good Charlotte,We Believe,The Chronicles of Life and Death,Good Charlotte,2004,1c4862c3-3ef5-3386-bc46-285556e10482,7631de45-3b26-4841-9877-ef64b521aa3e,/mnt/pangea/audio-library/Good Charlotte/The Chronicles of Life and Death/12 - We Believe.mp3,,
Gorillaz - Clint Eastwood.mp3,224.3,inbox,,,,,,,,,/mnt/pangea/audio-downloads/Music/Gorillaz - Clint Eastwood.mp3,,
Gorillaz - Feel good.mp3,224.0,filed,artist only,Gorillaz,Feel Good Inc.,Demon Days,Gorillaz,2005,f959a46a-a136-3134-9412-6572b23fad95,20b6eed6-383e-4caf-853c-d279e2dd7286,/mnt/pangea/Music/Gorillaz/Demon Days/06 - Feel Good Inc.mp3,,
Gorillaz - On Melancholy Hill.mp3,221.2,inbox,,,,,,,,,/mnt/pangea/audio-downloads/Music/Gorillaz - On Melancholy Hill.mp3,,
Gotye - Somebody That I Used To Know.mp3,244.9,filed,artist+title,Gotye feat. Kimbra,Somebody That I Used to Know,Making Mirrors,Gotye,2011,8c68c586-358f-46c0-85e3-77d2ea9650be,712239bf-7e5e-4121-b3bb-309f40867c66,/mnt/pangea/Music/Gotye/Making Mirrors/03 - Somebody That I Used to Know.mp3,,
Grease - Sandy.mp3,155.8,inbox,,,,,,,,,/mnt/pangea/audio-downloads/Music/Grease - Sandy.mp3,,
Grease - Summer nights.mp3,216.9,inbox,,,,,,,,,/mnt/pangea/audio-downloads/Music/Grease - Summer nights.mp3,,
Green Day - American idiot.mp3,177.9,filed,artist+title,Green Day,American Idiot,American Idiot,Green Day,2004,de9bf827-a9b0-348b-a7c9-556c03c3fb07,feaf121a-6727-42ce-96fb-02d24bcc6590,/mnt/pangea/Music/Green Day/American Idiot/01 - American Idiot.mp3,,
Green Day - Boulevard of broken dreams.mp3,260.2,filed,artist+title,Green Day,Boulevard of Broken Dreams,American Idiot,Green Day,2004,de9bf827-a9b0-348b-a7c9-556c03c3fb07,feaf121a-6727-42ce-96fb-02d24bcc6590,/mnt/pangea/Music/Green Day/American Idiot/04 - Boulevard of Broken Dreams.mp3,,
Green Day - Holiday.mp3,235.0,filed,artist+title,Green Day,Holiday,American Idiot,Green Day,2004,de9bf827-a9b0-348b-a7c9-556c03c3fb07,feaf121a-6727-42ce-96fb-02d24bcc6590,/mnt/pangea/Music/Green Day/American Idiot/03 - Holiday.mp3,,
Green Day - Homecoming.mp3,558.6,filed,artist+title,Green Day,Homecoming,American Idiot,Green Day,2006,de9bf827-a9b0-348b-a7c9-556c03c3fb07,6d90f358-ff7e-4619-b2b6-58f2a4ce7282,/mnt/pangea/Music/Green Day/American Idiot/12 - Homecoming.mp3,,
Green Day - Jesus of Suburbia.mp3,548.3,filed,artist+title,Green Day,Jesus of Suburbia,American Idiot,Green Day,2006,de9bf827-a9b0-348b-a7c9-556c03c3fb07,6d90f358-ff7e-4619-b2b6-58f2a4ce7282,/mnt/pangea/Music/Green Day/American Idiot/02 - Jesus of Suburbia.mp3,,
Green Day - Letterbomb.mp3,227.6,inbox,,,,,,,,,/mnt/pangea/audio-downloads/Music/Green Day - Letterbomb.mp3,,
Green Day - Minority.mp3,169.3,filed,artist+title,Green Day,Minority,Warning:,Green Day,2000,c1604b20-37b8-3fc7-8726-73f41090b8e2,9396b443-3042-4245-94f8-078195ae2735,/mnt/pangea/Music/Green Day/Warning_/11 - Minority.mp3,,
Green Day - She.mp3,134.3,inbox,,,,,,,,,/mnt/pangea/audio-downloads/Music/Green Day - She.mp3,,
Green Day - Time of your life.mp3,154.2,inbox,,,,,,,,,/mnt/pangea/audio-downloads/Music/Green Day - Time of your life.mp3,,
Green Day - Wake me up when September ends.mp3,278.2,filed,artist+title,Green Day,Wake Me Up When September Ends,American Idiot,Green Day,2004,de9bf827-a9b0-348b-a7c9-556c03c3fb07,feaf121a-6727-42ce-96fb-02d24bcc6590,/mnt/pangea/Music/Green Day/American Idiot/11 - Wake Me Up When September Ends.mp3,,
Green Day - Warning.mp3,223.5,filed,artist+title,Green Day,Warning,Warning:,Green Day,2000,c1604b20-37b8-3fc7-8726-73f41090b8e2,9396b443-3042-4245-94f8-078195ae2735,/mnt/pangea/Music/Green Day/Warning_/01 - Warning.mp3,,
Green Day - Welcome to paradise.mp3,224.6,filed,artist+title,Green Day,Welcome to Paradise,Dookie,Green Day,1994,314cffd4-daa5-3337-85e5-e54165a96113,56cc782e-a3e0-472a-82ef-91e7d2998970,/mnt/pangea/Music/Green Day/Dookie/05 - Welcome to Paradise.mp3,,
Gui Boratto - Division.mp3,417.7,filed,artist+title,Gui Boratto,Division,Division EP,Gui Boratto,2006,fcaab332-19ee-3fa7-ae64-a233d3a46b19,f6495db1-8bc1-4882-bf6d-1b4083506efa,/mnt/pangea/Music/Gui Boratto/Division EP/01 - Division.mp3,,
Guns 'N Roses - Don't Cry.mp3,284.5,inbox,,,,,,,,,/mnt/pangea/audio-downloads/Music/Guns 'N Roses - Don't Cry.mp3,,
Guns 'N Roses - Knockin' On Heaven's Door.mp3,335.8,filed,artist+title,Guns N’ Roses,Knockin’ on Heaven’s Door,Use Your Illusion II,Guns N’ Roses,1991,617c9f00-9488-3a70-a994-9de312541617,46b0de06-98b2-4fd0-a338-fbeb450900b3,/mnt/pangea/Music/Guns N’ Roses/Use Your Illusion II/04 - Knockin’ on Heaven’s Door.mp3,,
Guns 'N Roses - November Rain.mp3,537.0,filed,artist+title,Guns N’ Roses,November Rain,Use Your Illusion I,Guns N’ Roses,1991,642b183a-3e59-3cb9-9187-aeeefa0d8818,9727ece0-a517-4105-bac9-3ead7898b52e,/mnt/pangea/Music/Guns N’ Roses/Use Your Illusion I/10 - November Rain.mp3,,
Guns 'N Roses - Paradise City.mp3,405.5,inbox,,,,,,,,,/mnt/pangea/audio-downloads/Music/Guns 'N Roses - Paradise City.mp3,,
Guns 'N Roses - Paradise.mp3,278.8,inbox,,,,,,,,,/mnt/pangea/audio-downloads/Music/Guns 'N Roses - Paradise.mp3,,
Guns 'N Roses - Sweet Child O'Mine.mp3,355.7,inbox,,,,,,,,,/mnt/pangea/audio-downloads/Music/Guns 'N Roses - Sweet Child O'Mine.mp3,,
Guns 'N Roses - Welcome To The Jungle.mp3,272.1,inbox,,,,,,,,,/mnt/pangea/audio-downloads/Music/Guns 'N Roses - Welcome To The Jungle.mp3,,
Guns 'N Roses - You Could Be Mine.mp3,343.3,filed,artist+title,Guns N’ Roses,You Could Be Mine,Use Your Illusion II,Guns N’ Roses,1991,617c9f00-9488-3a70-a994-9de312541617,46b0de06-98b2-4fd0-a338-fbeb450900b3,/mnt/pangea/Music/Guns N’ Roses/Use Your Illusion II/12 - You Could Be Mine.mp3,,
Guns and Roses - Dont cry.mp3,282.2,inbox,,,,,,,,,/mnt/pangea/audio-downloads/Music/Guns and Roses - Dont cry.mp3,,
Guns and Roses - I love rock and roll.mp3,174.8,inbox,,,,,,,,,/mnt/pangea/audio-downloads/Music/Guns and Roses - I love rock and roll.mp3,,
Guns and Roses - Knocking on heavens door.mp3,336.1,inbox,,,,,,,,,/mnt/pangea/audio-downloads/Music/Guns and Roses - Knocking on heavens door.mp3,,
Guns and Roses - Live and let die.mp3,182.3,inbox,,,,,,,,,/mnt/pangea/audio-downloads/Music/Guns and Roses - Live and let die.mp3,,
Guns and Roses - November rain.mp3,535.5,inbox,,,,,,,,,/mnt/pangea/audio-downloads/Music/Guns and Roses - November rain.mp3,,
Guns and Roses - Patience.mp3,356.4,inbox,,,,,,,,,/mnt/pangea/audio-downloads/Music/Guns and Roses - Patience.mp3,,
Guns and Roses - Sweet child of mine.mp3,356.4,inbox,,,,,,,,,/mnt/pangea/audio-downloads/Music/Guns and Roses - Sweet child of mine.mp3,,
Guns and Roses - Welcome to the jungle.mp3,273.6,inbox,,,,,,,,,/mnt/pangea/audio-downloads/Music/Guns and Roses - Welcome to the jungle.mp3,,
Guns and Roses - You could be mine.mp3,342.7,inbox,,,,,,,,,/mnt/pangea/audio-downloads/Music/Guns and Roses - You could be mine.mp3,,
Gwen Stefany - Rich girl.mp3,236.9,inbox,,,,,,,,,/mnt/pangea/audio-downloads/Music/Gwen Stefany - Rich girl.mp3,,
Gwen Stefany - Tic tac.mp3,223.0,filed,artist only,Gwen Stefani,What You Waiting For?,Love. Angel. Music. Baby.,Gwen Stefani,2004,3873f5a4-e3e2-3e88-ae7e-c2ea5de1a5ba,51b54aa9-95c6-48c2-815d-cdc6802d0467,/mnt/pangea/Music/Gwen Stefani/Love. Angel. Music. Baby/01 - What You Waiting For_.mp3,,
Hadouken! - Mecha Love.mp3,307.4,inbox,,,,,,,,,/mnt/pangea/audio-downloads/Music/Hadouken! - Mecha Love.mp3,,
He Is We - All About Us.mp3,206.6,filed,artist+title,He Is We feat. Owl City,All About Us,My Forever,He Is We,2010,cffcdc35-4990-44cd-86de-67c5eda6bd8d,4398f4a8-cb06-4f4d-9489-3601a1e5d6fe,/mnt/pangea/Music/He Is We/My Forever/02 - All About Us.mp3,,
High school musical - 1 - Start of something new.mp3,196.8,inbox,,,,,,,,,/mnt/pangea/audio-downloads/Music/High school musical - 1 - Start of something new.mp3,,
High school musical - 2 - Get'cha head in the game.mp3,147.7,inbox,,,,,,,,,/mnt/pangea/audio-downloads/Music/High school musical - 2 - Get'cha head in the game.mp3,,
High school musical - 3 - What I've been looking for.mp3,123.9,inbox,,,,,,,,,/mnt/pangea/audio-downloads/Music/High school musical - 3 - What I've been looking for.mp3,,
High school musical - 4 - Stick to the status quo.mp3,260.1,inbox,,,,,,,,,/mnt/pangea/audio-downloads/Music/High school musical - 4 - Stick to the status quo.mp3,,
High school musical - 5 - When there was me and you.mp3,180.5,inbox,,,,,,,,,/mnt/pangea/audio-downloads/Music/High school musical - 5 - When there was me and you.mp3,,
High school musical - 6 - Bop to the top.mp3,111.6,inbox,,,,,,,,,/mnt/pangea/audio-downloads/Music/High school musical - 6 - Bop to the top.mp3,,
High school musical - 7 - Breaking free.mp3,219.4,inbox,,,,,,,,,/mnt/pangea/audio-downloads/Music/High school musical - 7 - Breaking free.mp3,,
High school musical - 8 - We're all in this together.mp3,235.6,inbox,,,,,,,,,/mnt/pangea/audio-downloads/Music/High school musical - 8 - We're all in this together.mp3,,
High school musical - I can't take my eyes off of you.mp3,171.4,inbox,,,,,,,,,/mnt/pangea/audio-downloads/Music/High school musical - I can't take my eyes off of you.mp3,,
Hilary Duff - Wake up.mp3,217.9,inbox,,,,,,,,,/mnt/pangea/audio-downloads/Music/Hilary Duff - Wake up.mp3,,
Him - Join me.mp3,218.8,filed,artist+title,HIM,Join Me (Razorblade mix),Join Me,HIM,1999,5eaeb4e8-dc74-39d0-ba52-97d3e234c1fc,99e6a912-544b-4d5c-b952-1b09abb54548,/mnt/pangea/Music/HIM/Join Me/01 - Join Me (Razorblade mix).mp3,,
Him - Poison girl.mp3,230.7,filed,artist+title,HIM,Poison Girl,Razorblade Romance,HIM,1999,17cb76c8-851a-3c15-ac6c-273d5131dfc7,b1600af1-e780-4a7c-bb89-03a642d912ec,/mnt/pangea/Music/HIM/Razorblade Romance/02 - Poison Girl.mp3,,
Him - Rip out the wings of a butterfly.mp3,214.5,filed,artist+title,HIM,Rip Out the Wings of a Butterfly,Dark Light,HIM,2005,0b8e5ee3-583f-35d7-a190-595bd27f82ec,9012b44a-6789-4e2d-9545-274f2e7e751d,/mnt/pangea/Music/HIM/Dark Light/02 - Rip Out the Wings of a Butterfly.mp3,,
Him - Vampire heart.mp3,286.5,filed,artist+title,HIM,Vampire Heart,Dark Light,HIM,2005,0b8e5ee3-583f-35d7-a190-595bd27f82ec,ad77b34d-550c-4a61-9f8b-f3c5dad9c2f7,/mnt/pangea/Music/HIM/Dark Light/01 - Vampire Heart.mp3,,
Hot Chocolate - You Sexy Thing.mp3,247.5,filed,artist+title,Hot Chocolate,You Sexy Thing,Hot Chocolate,Hot Chocolate,2009,eaba1031-d58e-31d9-b022-8b7522cfca35,d759b12c-28c0-40ec-ac70-8d367fcb1a8f,/mnt/pangea/Music/Hot Chocolate/Hot Chocolate/16 - You Sexy Thing.mp3,,
Hotel Saint George - Figli delle tenebre.mp3,355.2,filed,artist+title,Hotel Saint George,Figli delle tenebre (tenebre mix),Figli delle tenebre,Hotel Saint George,2004,9c08d6c2-9699-4105-b26f-9eb7e9fa1f4a,a5b7b005-a73f-44b6-9da2-819db8850872,/mnt/pangea/Music/Hotel Saint George/Figli delle tenebre/03 - Figli delle tenebre (tenebre mix).mp3,,
Hotel Saint George - Looking 4 a good time.mp3,207.6,inbox,,,,,,,,,/mnt/pangea/audio-downloads/Music/Hotel Saint George - Looking 4 a good time.mp3,,
I cugini di campagna - 64 anni.mp3,252.7,inbox,,,,,,,,,/mnt/pangea/audio-downloads/Music/I cugini di campagna - 64 anni.mp3,,
I cugini di campagna - Anima mia.mp3,203.3,filed,artist+title,I Cugini Di Campagna,Anima Mia,Anima Mia E Altri Successi,I Cugini Di Campagna,2012,692ccd25-0063-421a-98ab-5bce0a68cefe,e0b1dc1f-cf48-4fd5-b283-1ab8203ec84c,/mnt/pangea/Music/I Cugini Di Campagna/Anima Mia E Altri Successi/01 - Anima Mia.mp3,,
I cugini di campagna - Bella da morire.mp3,242.1,inbox,,,,,,,,,/mnt/pangea/audio-downloads/Music/I cugini di campagna - Bella da morire.mp3,,
I cugini di campagna - Conchiglia bianca.mp3,239.0,filed,artist+title,I Cugini Di Campagna,Conchiglia Bianca,Anima Mia E Altri Successi,I Cugini Di Campagna,2012,692ccd25-0063-421a-98ab-5bce0a68cefe,e0b1dc1f-cf48-4fd5-b283-1ab8203ec84c,/mnt/pangea/Music/I Cugini Di Campagna/Anima Mia E Altri Successi/13 - Conchiglia Bianca.mp3,,
I cugini di campagna - Meravigliosamente.mp3,220.8,filed,artist+title,I Cugini Di Campagna,Meravigliosamente,Anima Mia E Altri Successi,I Cugini Di Campagna,2012,692ccd25-0063-421a-98ab-5bce0a68cefe,e0b1dc1f-cf48-4fd5-b283-1ab8203ec84c,/mnt/pangea/Music/I Cugini Di Campagna/Anima Mia E Altri Successi/06 - Meravigliosamente.mp3,,
I cugini di campagna - Non si può morire dentro.mp3,230.0,inbox,,,,,,,,,/mnt/pangea/audio-downloads/Music/I cugini di campagna - Non si può morire dentro.mp3,,
I cugini di campagna - Signora mia.mp3,232.8,inbox,,,,,,,,,/mnt/pangea/audio-downloads/Music/I cugini di campagna - Signora mia.mp3,,
I cugini di campagna - Tornerò.mp3,234.8,inbox,,,,,,,,,/mnt/pangea/audio-downloads/Music/I cugini di campagna - Tornerò.mp3,,
I cugini di campagna - Voglia di lei.mp3,242.6,inbox,,,,,,,,,/mnt/pangea/audio-downloads/Music/I cugini di campagna - Voglia di lei.mp3,,
Ian o Brien Docker - Totally alright kid Alex.mp3,340.6,inbox,,,,,,,,,/mnt/pangea/audio-downloads/Music/Ian o Brien Docker - Totally alright kid Alex.mp3,,
Iggy Pop - Lust For Life.mp3,314.0,filed,artist+title,Iggy Pop,Lust for Life,Lust for Life,Iggy Pop,1977,15dc9ccf-e33b-3f4d-8c81-8346388d0b29,e2cb1fb9-7117-4dae-9b40-9e5480301b9e,/mnt/pangea/Music/Iggy Pop/Lust for Life/01 - Lust for Life.mp3,,
Iggy Pop - The Passenger.mp3,282.2,filed,artist+title,Iggy Pop,The Passenger,Lust for Life,Iggy Pop,1977,15dc9ccf-e33b-3f4d-8c81-8346388d0b29,e2cb1fb9-7117-4dae-9b40-9e5480301b9e,/mnt/pangea/Music/Iggy Pop/Lust for Life/04 - The Passenger.mp3,,
Imagine Dragons - Radioactive.mp3,188.1,filed,artist+title,Imagine Dragons,Radioactive,Night Visions,Imagine Dragons,2012,caef5f01-8568-4573-8458-c9e99ff7c734,c59635da-8a3a-4aff-adbb-93be2eb3e5ba,/mnt/pangea/Music/Imagine Dragons/Night Visions/01 - Radioactive.mp3,,
Imagine Dragons - Tiptoe.mp3,194.2,filed,artist+title,Imagine Dragons,Tiptoe,Night Visions,Imagine Dragons,2012,caef5f01-8568-4573-8458-c9e99ff7c734,c59635da-8a3a-4aff-adbb-93be2eb3e5ba,/mnt/pangea/Music/Imagine Dragons/Night Visions/02 - Tiptoe.mp3,,
Inni e canti comunisti - Chi non vuol chinar la testa.mp3,156.5,inbox,,,,,,,,,/mnt/pangea/audio-downloads/Music/Inni e canti comunisti - Chi non vuol chinar la testa.mp3,,
James Arthur - Impossible.mp3,209.2,filed,artist+title,James Arthur,Impossible,James Arthur,James Arthur,2013,878d8d42-b799-4f46-8807-3c20dea69aa8,e5efe065-2a32-4366-80d5-8e5dfd43f880,/mnt/pangea/Music/James Arthur/James Arthur/04 - Impossible.mp3,,
James Blunt - Goodbye My Lover.mp3,258.3,filed,artist+title,James Blunt,Goodbye My Lover,Back to Bedlam,James Blunt,2004,aa0f8959-1f47-3f9d-9a7d-28de21ab3956,d3680d5d-8a9d-3552-9d3b-1b0344189b93,/mnt/pangea/Music/James Blunt/Back to Bedlam/04 - Goodbye My Lover.mp3,,
James Blunt - High.mp3,242.2,filed,artist+title,James Blunt,High,Back to Bedlam,James Blunt,2004,aa0f8959-1f47-3f9d-9a7d-28de21ab3956,d3680d5d-8a9d-3552-9d3b-1b0344189b93,/mnt/pangea/Music/James Blunt/Back to Bedlam/01 - High.mp3,,
James Blunt - Home.mp3,223.0,inbox,,,,,,,,,/mnt/pangea/audio-downloads/Music/James Blunt - Home.mp3,,
James Blunt - You're Beautiful.mp3,213.1,filed,artist+title,James Blunt,You’re Beautiful,Back to Bedlam,James Blunt,2004,aa0f8959-1f47-3f9d-9a7d-28de21ab3956,d3680d5d-8a9d-3552-9d3b-1b0344189b93,/mnt/pangea/Music/James Blunt/Back to Bedlam/02 - You’re Beautiful.mp3,,
James Brown - I Feel Good.mp3,168.0,inbox,,,,,,,,,/mnt/pangea/audio-downloads/Music/James Brown - I Feel Good.mp3,,
Jennifer Hudson - And I Am Telling You I'm Not Going.mp3,285.4,filed,artist+title,Jennifer Hudson,And I Am Telling You I’m Not Going,Jennifer Hudson,Jennifer Hudson,2008,d9cf8162-c1bf-3d10-bb0e-c291bee4fa1e,2cdefa96-d5bb-47fe-aec0-d55c545bf898,/mnt/pangea/Music/Jennifer Hudson/Jennifer Hudson/12 - And I Am Telling You I’m Not Going.mp3,,
Jesse Mc Cartney - Beautiful soul.mp3,236.5,filed,artist+title,Jesse McCartney,Beautiful Soul,JMac,Jesse McCartney,2003,062a3b1f-0ed5-3a6e-966c-05f8198e0538,95464795-b6a3-44a7-b7ec-2b160d5cfe17,/mnt/pangea/Music/Jesse McCartney/JMac/01 - Beautiful Soul.mp3,,
Jesse Mc Cartney - Because you live.mp3,197.7,filed,artist+title,Jesse McCartney,Because You Live,Beautiful Soul,Jesse McCartney,2004,6b57a9f1-c55e-33f4-af49-c9a40abfe7e8,893bd8c1-1a06-44bb-91a2-cea18c0dbb48,/mnt/pangea/Music/Jesse McCartney/Beautiful Soul/10 - Because You Live.mp3,,
Jessie J - It's My Party.mp3,219.9,filed,artist+title,Jessie J,It’s My Party,Alive,Jessie J,2013,eded4f16-8613-41d8-8b56-709be6e8d95a,07233468-2427-45bf-a8d6-87c1d2b51341,/mnt/pangea/Music/Jessie J/Alive/01 - It’s My Party.mp3,,
Jessie J - Mamma Knows Best.mp3,195.2,filed,artist+title,Jessie J,Mamma Knows Best,Who You Are,Jessie J,2011,fa1c7a04-10e0-407d-8101-9a73254b6150,c5a98340-d6f1-4a2e-a0c8-4dda9876dfa1,/mnt/pangea/Music/Jessie J/Who You Are/09 - Mamma Knows Best.mp3,,
Jessie J - Nobody's Perfect.mp3,258.4,filed,artist+title,Jessie J,Nobody’s Perfect,Who You Are,Jessie J,2011,fa1c7a04-10e0-407d-8101-9a73254b6150,c5a98340-d6f1-4a2e-a0c8-4dda9876dfa1,/mnt/pangea/Music/Jessie J/Who You Are/02 - Nobody’s Perfect.mp3,,
Jessie J - Price Tag.mp3,220.6,filed,artist+title,Jessie J feat. B.o.B,Price Tag,Who You Are,Jessie J,2011,fa1c7a04-10e0-407d-8101-9a73254b6150,c5a98340-d6f1-4a2e-a0c8-4dda9876dfa1,/mnt/pangea/Music/Jessie J/Who You Are/01 - Price Tag.mp3,,
Jessie J - Who You Are.mp3,230.9,filed,artist+title,Jessie J,Who You Are,Who You Are,Jessie J,2011,fa1c7a04-10e0-407d-8101-9a73254b6150,ec70fecd-b9af-4ddb-89c8-4228dc59d9d1,/mnt/pangea/Music/Jessie J/Who You Are/13 - Who You Are.mp3,,
Jet - Are you gonna be my girl.mp3,223.3,filed,artist+title,Jet,Are You Gonna Be My Girl (alternative version),Are You Gonna Be My Girl,Jet,2003,423f1881-ce8f-4a48-88fd-55c1d4111f31,d3ad29b5-4a01-425f-8c1d-4bc2fd75f4df,/mnt/pangea/audio-library/Jet/Are You Gonna Be My Girl/01 - Are You Gonna Be My Girl (alternative version).mp3,,
Joey Negro - Make a move on me.mp3,522.9,inbox,,,,,,,,,/mnt/pangea/audio-downloads/Music/Joey Negro - Make a move on me.mp3,,
Johann Strauss - The Blue Danube Waltz.mp3,813.4,inbox,,,,,,,,,/mnt/pangea/audio-downloads/Music/Johann Strauss - The Blue Danube Waltz.mp3,,
John Cale - Hallelujah.mp3,245.8,filed,artist+title,John Cale,Hallelujah,Hallelujah,John Cale,1991,a9d7ae73-a71a-48ff-baa3-83832fee93c5,e63cf32e-63fa-4bd9-a047-efddd9ab7f2b,/mnt/pangea/Music/John Cale/Hallelujah/01 - Hallelujah.mp3,,
John Cena - Bad man.mp3,211.7,filed,artist only,John Cena & Tha Trademarc feat. Bumpy Knuckles,"Bad, Bad Man",You Can’t See Me,John Cena & Tha Trademarc,2005,7c5b6dd4-0eb8-3856-8a10-7779f0d746d8,566e6b60-1c35-463b-aa92-bafe5ccfecd3,"/mnt/pangea/Music/John Cena & Tha Trademarc/You Can’t See Me/10 - Bad, Bad Man.mp3",,
John Dahlbaeck - If you give me.mp3,378.3,filed,artist+title,John Dahlbäck,If You Give Me,Mutants,John Dahlbäck,2010,6ae2f4cf-a4ec-4e7f-a6e4-fa33654e7a8d,9cfccf39-6672-49d9-968d-ba785522f976,/mnt/pangea/Music/John Dahlbäck/Mutants/07 - If You Give Me.mp3,,
John Travolta & Olivia Newton John - Greas.mp3,291.3,inbox,,,,,,,,,/mnt/pangea/audio-downloads/Music/John Travolta & Olivia Newton John - Greas.mp3,,
Johnny Cash - Hurt.mp3,218.6,filed,artist+title,Johnny Cash,Hurt,American IV: The Man Comes Around,Johnny Cash,2002,aca4ccc8-5d1b-361e-ab21-396b2c6d42d3,a7fe1667-252e-40b3-8291-547378c73553,/mnt/pangea/Music/Johnny Cash/American IV_ The Man Comes Around/02 - Hurt.mp3,,
Jordin Sparks - Battlefield.mp3,242.6,filed,artist+title,Jordin Sparks,Battlefield,Battlefield (Deluxe Version),Jordin Sparks,2009,75fc3af8-2145-4158-a311-1781ed40b958,914f71ff-a370-4abf-986e-4df1a5515b52,/mnt/pangea/Music/Jordin Sparks/Battlefield (Deluxe Version)/02 - Battlefield.mp3,,
Josh Groban - You Raise Me Up.mp3,241.6,inbox,,,,,,,,,/mnt/pangea/audio-downloads/Music/Josh Groban - You Raise Me Up.mp3,,
Jovanotti - Mi fido di te.mp3,270.6,filed,artist+title,Jovanotti,Mi Fido Di Te,Buon Sangue + Extra F.U.N.K.,Jovanotti,2005,98bcafc6-19cb-41dd-9637-fa77f956af96,4c7cea08-43c9-458d-ae5f-6ab54245c735,/mnt/pangea/Music/Jovanotti/Buon Sangue + Extra F.U.N.K/02 - Mi Fido Di Te.mp3,,
Jovanotti - Tanto tanto tanto.mp3,209.0,inbox,,,,,,,,,/mnt/pangea/audio-downloads/Music/Jovanotti - Tanto tanto tanto.mp3,,
Juanes - Tengo la camisa negra.mp3,218.8,inbox,,,,,,,,,/mnt/pangea/audio-downloads/Music/Juanes - Tengo la camisa negra.mp3,,
Julieta Venegas - Limon y sal.mp3,231.0,inbox,,,,,,,,,/mnt/pangea/audio-downloads/Music/Julieta Venegas - Limon y sal.mp3,,
Julieta Venegas - Me voy.mp3,191.1,filed,artist+title,Julieta Venegas,Me voy,Limón y sal,Julieta Venegas,2006,4be1df96-8054-389d-a44d-25d138cbcc4a,ad9489b7-7f40-4f45-ba0d-82ddd807d5ac,/mnt/pangea/Music/Julieta Venegas/Limón y sal/02 - Me voy.mp3,,
Kageyama Hinorobu - Cha-la head-cha-la.mp3,197.0,inbox,,,,,,,,,/mnt/pangea/audio-downloads/Music/Kageyama Hinorobu - Cha-la head-cha-la.mp3,,
Kaleidoscopio - Voce me apareceu.mp3,169.0,filed,artist+title,Kaleidoscòpio,Você me apareceu (original radio),Você me apareceu,Kaleidoscòpio,2004,11c18fac-24c1-404e-8932-42d76571ac5b,88f56ee5-1753-447f-98db-c5349c3f59d7,/mnt/pangea/Music/Kaleidoscòpio/Você me apareceu/01 - Você me apareceu (original radio).mp3,,
Katy Perry - Firework.mp3,228.2,filed,artist+title,Katy Perry,Firework,Teenage Dream,Katy Perry,2010,e6f683c9-fc85-412c-a352-d6e411fc2603,8141078f-7612-4bde-90e8-c6ef7cc7d8df,/mnt/pangea/Music/Katy Perry/Teenage Dream/04 - Firework.mp3,,
Katy Perry - I Kissed A Girl.mp3,180.9,filed,artist+title,Katy Perry,I Kissed a Girl,One of the Boys 一个男孩,Katy Perry,2008,88f14b0b-f8d1-31b4-87ab-199145fc12d3,378840e1-0852-466d-9f7a-8b3189efa99c,/mnt/pangea/audio-library/Katy Perry/One of the Boys 一个男孩/02 - I Kissed a Girl.mp3,,
Katy Perry - Part Of Me.mp3,212.5,filed,artist+title,Katy Perry,Part of Me,Teenage Dream: The Complete Confection,Katy Perry,2012,e6f683c9-fc85-412c-a352-d6e411fc2603,932086ff-0502-43a9-bdd0-411d7904bd0f,/mnt/pangea/Music/Katy Perry/Teenage Dream_ The Complete Confection/14 - Part of Me.mp3,,
Katy Perry - Roar.mp3,222.5,filed,artist+title,Katy Perry,Roar,PRISM,Katy Perry,2013,0d8b973c-fcff-4830-b645-a877b8a9a08f,83b9364a-4e5c-4a0d-9156-7e9ef8d1967e,/mnt/pangea/Music/Katy Perry/PRISM/01 - Roar.mp3,,
Katy Perry - The One That Got Away.mp3,227.4,filed,artist+title,Katy Perry,The One That Got Away,Teenage Dream,Katy Perry,2010,e6f683c9-fc85-412c-a352-d6e411fc2603,8141078f-7612-4bde-90e8-c6ef7cc7d8df,/mnt/pangea/Music/Katy Perry/Teenage Dream/07 - The One That Got Away.mp3,,
Katy Perry - Unconditionally.mp3,228.9,filed,artist+title,Katy Perry,Unconditionally,PRISM,Katy Perry,2013,0d8b973c-fcff-4830-b645-a877b8a9a08f,83b9364a-4e5c-4a0d-9156-7e9ef8d1967e,/mnt/pangea/Music/Katy Perry/PRISM/05 - Unconditionally.mp3,,
Katy Perry - Wide Awake.mp3,221.0,filed,artist+title,Katy Perry,Wide Awake,Teenage Dream: The Complete Confection,Katy Perry,2012,e6f683c9-fc85-412c-a352-d6e411fc2603,932086ff-0502-43a9-bdd0-411d7904bd0f,/mnt/pangea/Music/Katy Perry/Teenage Dream_ The Complete Confection/15 - Wide Awake.mp3,,
Kelly Clarkson - Because Of You.mp3,222.5,filed,artist+title,Kelly Clarkson,Because of You,Breakaway,Kelly Clarkson,2003,0d0ddce6-a611-3dc0-923c-60ac3da72ad8,4b50f8e8-66e7-4a27-807c-66ddaf8b8301,/mnt/pangea/Music/Kelly Clarkson/Breakaway/04 - Because of You.mp3,,
Kelly Clarkson - Heartbeat Song.mp3,198.3,filed,artist+title,Kelly Clarkson,Heartbeat Song,Piece by Piece,Kelly Clarkson,2015,0c9a7e98-8762-4fd8-afef-68690a5c2d2f,9e7e9526-5821-4505-8b87-9e36b33cafd0,/mnt/pangea/Music/Kelly Clarkson/Piece by Piece/01 - Heartbeat Song.mp3,,
Kelly Clarkson - My Life Would Suck Without You.mp3,208.9,filed,artist+title,Kelly Clarkson,My Life Would Suck Without You,All I Ever Wanted,Kelly Clarkson,2009,50e5e68b-626a-3bde-904d-5649163ebecd,abe43624-e531-4d4d-b5f4-2ae8912dbe79,/mnt/pangea/Music/Kelly Clarkson/All I Ever Wanted/01 - My Life Would Suck Without You.mp3,,
Kelly Clarkson - Stronger.mp3,222.1,filed,artist+title,Kelly Clarkson,Stronger (What Doesn’t Kill You),Stronger,Kelly Clarkson,2011,cc073eb5-920b-4dad-a7f7-178a5cad1966,ae13c2c9-0d87-4653-9cc3-379a9602714a,/mnt/pangea/audio-library/Kelly Clarkson/Stronger/02 - Stronger (What Doesn’t Kill You).mp3,,
Kevin Little - Turn me on.mp3,181.8,inbox,,,,,,,,,/mnt/pangea/audio-downloads/Music/Kevin Little - Turn me on.mp3,,
Kevin Sunray - Dirty mix.mp3,436.6,inbox,,,,,,,,,/mnt/pangea/audio-downloads/Music/Kevin Sunray - Dirty mix.mp3,,
King Of Leon - Sex On Fire.mp3,206.0,filed,artist+title,Kings of Leon,Sex on Fire,Only by the Night,Kings of Leon,2008,7a23bc7e-d7bd-3a22-a38d-7d1f793bae1c,f31b76e3-e2ed-4105-8d64-b338c202020a,/mnt/pangea/Music/Kings of Leon/Only by the Night/03 - Sex on Fire.mp3,,
Korn & Sepultura - Ratamahatta.mp3,270.5,inbox,,,,,,,,,/mnt/pangea/audio-downloads/Music/Korn & Sepultura - Ratamahatta.mp3,,
Korn - Adidas.mp3,152.8,filed,artist+title,Korn,A.D.I.D.A.S.,Life Is Peachy,Korn,1996,e958aac9-4f24-3077-96de-117ec44d4dbb,d0b7e07a-0a02-3424-91d9-f99866ddab16,/mnt/pangea/Music/Korn/Life Is Peachy/11 - A.D.I.D.A.S.mp3,,
Korn - Coming undone.mp3,199.8,filed,artist+title,Korn,Coming Undone,See You on the Other Side,Korn,2005,ace09cf0-cbc0-33a9-b07a-3e2d8a28cf65,6dcf1672-f710-4dc8-ae60-46ca885cdb37,/mnt/pangea/Music/Korn/See You on the Other Side/09 - Coming Undone.mp3,,
Korn - Did my time.mp3,242.9,filed,artist+title,Korn,Did My Time,Take a Look in the Mirror,Korn,2003,bca3ad60-807d-3577-a9d9-2b1cc70c7d48,44c279fc-0e8a-4ea4-8fd9-de70f80fcf55,/mnt/pangea/Music/Korn/Take a Look in the Mirror/06 - Did My Time.mp3,,
Korn - Falling away from me.mp3,265.0,inbox,,,,,,,,,/mnt/pangea/audio-downloads/Music/Korn - Falling away from me.mp3,,
Korn - Forsaken.mp3,219.4,inbox,,,,,,,,,/mnt/pangea/audio-downloads/Music/Korn - Forsaken.mp3,,
Korn - Freak on a leash.mp3,254.8,filed,artist+title,Korn,Freak on a Leash,Follow The Leader,Korn,1998,e47ad139-89f6-39e8-aa84-fe84c45aeb7d,87dbd4bb-15f1-4a82-bf3b-95b2ae496114,/mnt/pangea/Music/Korn/Follow The Leader/02 - Freak on a Leash.mp3,,
Korn - Got the life.mp3,225.1,filed,artist+title,Korn,Got the Life,Follow The Leader,Korn,1998,e47ad139-89f6-39e8-aa84-fe84c45aeb7d,87dbd4bb-15f1-4a82-bf3b-95b2ae496114,/mnt/pangea/Music/Korn/Follow The Leader/03 - Got the Life.mp3,,
Korn - Liar.mp3,254.8,filed,artist+title,Korn,Liar,See You on the Other Side,Korn,2005,ace09cf0-cbc0-33a9-b07a-3e2d8a28cf65,6dcf1672-f710-4dc8-ae60-46ca885cdb37,/mnt/pangea/Music/Korn/See You on the Other Side/11 - Liar.mp3,,
Korn - Throw me away.mp3,281.0,filed,artist+title,Korn,Throw Me Away,See You on the Other Side,Korn,2005,ace09cf0-cbc0-33a9-b07a-3e2d8a28cf65,6dcf1672-f710-4dc8-ae60-46ca885cdb37,/mnt/pangea/Music/Korn/See You on the Other Side/06 - Throw Me Away.mp3,,
Korn - Twisted transistor.mp3,178.9,filed,artist+title,Korn,Twisted Transistor,Twisted Transistor,Korn,2005,95a8d969-0091-3f49-895c-42e219ad8a93,e7236cd8-201d-3f48-9e30-473c3f77a168,/mnt/pangea/Music/Korn/Twisted Transistor/01 - Twisted Transistor.mp3,,
Korn - Word up.mp3,174.0,filed,artist+title,Korn,Word Up!,Word Up!,Korn,2004,f364318a-9f7a-3228-b4d2-c04da31a075d,ce0ab745-9c1b-40b7-9a09-4c9b4868f976,/mnt/pangea/Music/Korn/Word Up!/01 - Word Up!.mp3,,
LMC & U2 - Take me to the clouds above.mp3,193.9,inbox,,,,,,,,,/mnt/pangea/audio-downloads/Music/LMC & U2 - Take me to the clouds above.mp3,,
LMFAO & Lil Jon - Shots.mp3,227.4,filed,artist+title,LMFAO feat. Lil Jon,Shots,Party Rock,LMFAO,2009,9ab402b6-8bf5-4eb9-827c-6e04b28d994b,f0061c92-f373-4071-be43-1116fe628045,/mnt/pangea/Music/LMFAO/Party Rock/09 - Shots.mp3,,
Lacuna Coil & Nightwish - A ghost between us.mp3,324.8,inbox,,,,,,,,,/mnt/pangea/audio-downloads/Music/Lacuna Coil & Nightwish - A ghost between us.mp3,,
Lacuna Coil - Closer.mp3,181.7,filed,artist+title,Lacuna Coil,Closer,Karmacode,Lacuna Coil,2006,5b766c9b-fb57-306a-bd21-ca3623c53bfd,72ffdc28-0ad4-4f0d-817c-4b0d00f2e7c1,/mnt/pangea/Music/Lacuna Coil/Karmacode/09 - Closer.mp3,,
Lacuna Coil - Cold.mp3,258.8,filed,artist+title,Lacuna Coil,Cold,In a Reverie,Lacuna Coil,1999,a42aefb6-b725-3880-8aa6-786f1f537ec1,cce0fc50-991e-481b-a84e-b3385858419a,/mnt/pangea/Music/Lacuna Coil/In a Reverie/06 - Cold.mp3,,
Lacuna Coil - Enjoy the silence.mp3,245.6,filed,artist+title,Lacuna Coil,Enjoy the Silence,Karmacode,Lacuna Coil,2006,5b766c9b-fb57-306a-bd21-ca3623c53bfd,72ffdc28-0ad4-4f0d-817c-4b0d00f2e7c1,/mnt/pangea/Music/Lacuna Coil/Karmacode/13 - Enjoy the Silence.mp3,,
Lacuna Coil - Falling.mp3,340.8,filed,artist+title,Lacuna Coil,Falling,In a Reverie,Lacuna Coil,1999,a42aefb6-b725-3880-8aa6-786f1f537ec1,cce0fc50-991e-481b-a84e-b3385858419a,/mnt/pangea/Music/Lacuna Coil/In a Reverie/11 - Falling.mp3,,
Lacuna Coil - Heaven's a lie.mp3,286.2,filed,artist+title,Lacuna Coil,Heaven’s a Lie,Comalies,Lacuna Coil,2002,f71ec53b-dde1-3399-88e6-9b74b1f657f4,1ac75460-6bc6-469e-a0c1-5e789a26466b,/mnt/pangea/Music/Lacuna Coil/Comalies/02 - Heaven’s a Lie.mp3,,
Lacuna Coil - Our truth.mp3,244.7,filed,artist+title,Lacuna Coil,Our Truth,Karmacode,Lacuna Coil,2006,5b766c9b-fb57-306a-bd21-ca3623c53bfd,72ffdc28-0ad4-4f0d-817c-4b0d00f2e7c1,/mnt/pangea/Music/Lacuna Coil/Karmacode/03 - Our Truth.mp3,,
Lacuna Coil - To live is to die.mp3,274.6,filed,artist+title,Lacuna Coil,To Live Is to Hide,Unleashed Memories,Lacuna Coil,2001,1f767657-0efc-3339-958c-2a898d36731d,4d059adc-1aa4-3725-9fb1-068d9c6399a5,/mnt/pangea/Music/Lacuna Coil/Unleashed Memories/02 - To Live Is to Hide.mp3,,
Lana Del Rey - Summertime Sadness.mp3,247.5,filed,artist+title,Lana Del Rey,Summertime Sadness (radio mix),Summertime Sadness,Lana Del Rey,2012,3baea784-ef39-434f-ab72-95ca773029b0,7bb4f647-fe5a-4e01-a1d1-d468592bdeae,/mnt/pangea/Music/Lana Del Rey/Summertime Sadness/01 - Summertime Sadness (radio mix).mp3,,
Las Ketchup - Asereje.mp3,210.6,filed,artist+title,Las Ketchup,Aserejé,Hijas Del Tomate,Las Ketchup,2002,15bc375b-9d12-3163-aa7a-62da040e47e0,ad593bb6-3c21-473e-ae9d-ea900a710f9b,/mnt/pangea/Music/Las Ketchup/Hijas Del Tomate/11 - Aserejé.mp3,,
Latte e i suoi derivati - Otto il passerotto.mp3,328.1,inbox,,,,,,,,,/mnt/pangea/audio-downloads/Music/Latte e i suoi derivati - Otto il passerotto.mp3,,
Laura Pausini & Nek - Sei solo tu.mp3,199.0,filed,title only,Nek feat. Laura Pausini,Sei solo tu,Le cose da difendere,Nek,2002,44c82e37-e54f-3099-9329-8ded8cabf2c7,46bca368-db23-4b6a-bf1b-8afa84a3f4f4,/mnt/pangea/Music/Nek/Le cose da difendere/02 - Sei solo tu.mp3,,
Laura Pausini - Come se non fosse stato mai amore.mp3,240.1,filed,artist+title,Laura Pausini,Come se non fosse stato mai amore,Resta in ascolto,Laura Pausini,2004,501ebdaa-8464-3f56-8580-a99995d38791,77f5587a-7781-47f8-b434-c610fcdca415,/mnt/pangea/Music/Laura Pausini/Resta in ascolto/06 - Come se non fosse stato mai amore.mp3,,
Laura Pausini - Incancellabile.mp3,226.8,filed,artist+title,Laura Pausini,Incancellabile,Le cose che vivi,Laura Pausini,1996,83fed2d6-dbab-3cf6-b439-ee08ce6152e0,25f3005c-4a73-484a-98d0-5ab8fdb8dd99,/mnt/pangea/Music/Laura Pausini/Le cose che vivi/03 - Incancellabile.mp3,,
Laura Pausini - Io canto.mp3,258.0,filed,artist+title,Laura Pausini,Io canto,Io canto,Laura Pausini,2006,570bc9fb-e40b-30f5-a2cf-aabfd161ed26,c88bf072-e83e-4e24-9d04-89548e4a4a5b,/mnt/pangea/Music/Laura Pausini/Io canto/01 - Io canto.mp3,,
Laura Pausini - La solitudine.mp3,237.9,filed,artist+title,Laura Pausini,La solitudine,Laura Pausini,Laura Pausini,1993,daeaf3fe-b76c-39f4-8a96-4edb96341fbf,0f6d9590-4e44-41dc-8f0b-2fc55469d8d1,/mnt/pangea/Music/Laura Pausini/Laura Pausini/06 - La solitudine.mp3,,
Laura Pausini - Non c'e.mp3,278.3,filed,artist+title,Laura Pausini,Non c’è,Laura Pausini,Laura Pausini,1993,daeaf3fe-b76c-39f4-8a96-4edb96341fbf,0f6d9590-4e44-41dc-8f0b-2fc55469d8d1,/mnt/pangea/Music/Laura Pausini/Laura Pausini/01 - Non c’è.mp3,,
Laura Pausini - Resta in ascolto.mp3,210.9,filed,artist+title,Laura Pausini,Resta in ascolto,Resta in ascolto,Laura Pausini,2004,501ebdaa-8464-3f56-8580-a99995d38791,77f5587a-7781-47f8-b434-c610fcdca415,/mnt/pangea/Music/Laura Pausini/Resta in ascolto/03 - Resta in ascolto.mp3,,
Laura Pausini - Strani amori.mp3,254.7,filed,artist+title,Laura Pausini,Strani amori,Laura,Laura Pausini,1994,d0360c44-fcb5-34fc-abd3-d15a3325f24b,4880a34c-17d2-4f18-a1f8-d08050910988,/mnt/pangea/Music/Laura Pausini/Laura/03 - Strani amori.mp3,,
Laura Pausini - Tra te e il mare.mp3,231.7,filed,artist+title,Laura Pausini,Tra te e il mare,Tra te e il mare,Laura Pausini,2000,eb7332ff-8786-34fa-bc4a-2cbcc1723ffe,0e59fe9d-5172-49e1-912b-a131d7e1864e,/mnt/pangea/Music/Laura Pausini/Tra te e il mare/04 - Tra te e il mare.mp3,,
Laura Pausini - Vivimi.mp3,234.6,filed,artist+title,Laura Pausini,Vivimi,Resta in ascolto,Laura Pausini,2004,501ebdaa-8464-3f56-8580-a99995d38791,77f5587a-7781-47f8-b434-c610fcdca415,/mnt/pangea/Music/Laura Pausini/Resta in ascolto/02 - Vivimi.mp3,,
Lenny Kravitz - California.mp3,156.9,filed,artist+title,Lenny Kravitz,California,Baptism,Lenny Kravitz,2004,0aedc587-7d6d-3071-8fa1-30eb5b3f5808,ba97fc02-9ac3-4155-a9c3-26f26867acec,/mnt/pangea/Music/Lenny Kravitz/Baptism/05 - California.mp3,,
Leo Sayer - Thunder in my heart again.Mp3,216.9,inbox,,,,,,,,,/mnt/pangea/audio-downloads/Music/Leo Sayer - Thunder in my heart again.Mp3,,
Lil'Jon & Ludacris & Usher - Lovers and friends.mp3,262.0,filed,artist+title,Lil Jon & The East Side Boyz feat. Usher & Ludacris,Lovers & Friends,Crunk Juice,Lil Jon & The East Side Boyz,2004,5ad1d3cd-204b-3f35-90c0-2cfbcd104b13,6e908488-1145-40da-a044-423accb7e280,/mnt/pangea/Music/Lil Jon & The East Side Boyz/Crunk Juice/12 - Lovers & Friends.mp3,,
Lil'Jon & Ludacris - Yeah!.mp3,248.8,filed,artist+title,Usher featuring Lil Jon & Ludacris,Yeah!,Kings of Crunk,Lil Jon & The East Side Boyz,2004,ee1bc99b-50b1-3e43-9824-6544954f06f0,73dff9a0-e2cf-4ca1-aee5-9ae2c0e9fc1b,/mnt/pangea/Music/Lil Jon & The East Side Boyz/Kings of Crunk/22 - Yeah!.mp3,,
Lil'Jon & the east side boyz - Get low.mp3,334.1,filed,artist+title,Lil Jon & The East Side Boyz feat. Ying Yang Twins,Get Low,Kings Of Crunk,Lil Jon & The East Side Boyz,2002,ee1bc99b-50b1-3e43-9824-6544954f06f0,ef969695-13b3-4534-a8bf-fd5c68c938e5,/mnt/pangea/Music/Lil Jon & The East Side Boyz/Kings Of Crunk/19 - Get Low.mp3,,
Limp Bizkit - Welcome Home.mp3,302.6,inbox,,,,,,,,,/mnt/pangea/audio-downloads/Music/Limp Bizkit - Welcome Home.mp3,,
Lorde - Royals.mp3,192.3,filed,artist+title,Lorde,Royals,Pure Heroine,Lorde,2013,8e8a1db7-1d43-44d3-9796-fd69f12730cb,5bc5f6ed-9cf9-4021-975e-c8bb15950c3d,/mnt/pangea/Music/Lorde/Pure Heroine/03 - Royals.mp3,,
Ludovico Einaudi - Le Onde.mp3,345.6,filed,artist+title,Ludovico Einaudi,Le onde,Songs for Summer,Ludovico Einaudi,2004,4c3e77d4-5ab4-4d8b-89a0-8a18985e6982,5b1f9fa2-e0c5-4a24-ad9a-02077208b5e3,/mnt/pangea/Music/Ludovico Einaudi/Songs for Summer/01 - Le onde.mp3,,
Ludovico Einaudi - Nuvole Bianche.mp3,358.1,filed,artist+title,Ludovico Einaudi,Nuvole bianche,Una mattina,Ludovico Einaudi,2004,4f804d9d-5d8e-3658-b8c7-3d0023c7964e,d2ec9d91-d17b-4881-b446-f3fe10410029,/mnt/pangea/Music/Ludovico Einaudi/Una mattina/12 - Nuvole bianche.mp3,,
Luis Armstrong - What A Wonderful World.mp3,140.5,filed,artist+title,Louis Armstrong,What a Wonderful World,What a Wonderful World,Louis Armstrong,1968,ead21b33-dc38-32da-95ba-99dc5247189a,c48213ff-cdf7-4b05-882d-8cf27863fc59,/mnt/pangea/Music/Louis Armstrong/What a Wonderful World/01 - What a Wonderful World.mp3,,
Marco Masini - Bella Stronza.mp3,321.3,filed,artist+title,Marco Masini,Bella stronza,Il cielo della vergine,Marco Masini,1995,4d7c2235-a095-3ddb-ba23-02df22634c1d,c4b7a080-3862-42e6-9908-08c44e3d7cb3,/mnt/pangea/Music/Marco Masini/Il cielo della vergine/01 - Bella stronza.mp3,,
Marco Masini - Vaffanculo.mp3,280.3,inbox,,,,,,,,,/mnt/pangea/audio-downloads/Music/Marco Masini - Vaffanculo.mp3,,
Maroon 5 - Makes Me Wonder.mp3,211.1,filed,artist+title,Maroon 5,Makes Me Wonder,It Won't Be Soon Before Long,Maroon 5,2007,0a8d9c8b-1447-43de-bcd0-4da5e0814a55,42b51aed-bc78-40c5-92a6-25969db533c8,/mnt/pangea/Music/Maroon 5/It Won't Be Soon Before Long/02 - Makes Me Wonder.mp3,,
Maroon 5 - Misery.mp3,216.2,inbox,,,,,,,,,/mnt/pangea/audio-downloads/Music/Maroon 5 - Misery.mp3,,
Maroon 5 - She Will Be Loved.mp3,257.8,filed,artist+title,Maroon 5,She Will Be Loved,Songs About Jane,Maroon 5,2002,93d5a1d1-73c0-34d3-b7f1-49473c48face,3b778817-19a2-45ed-9e91-c114875c5711,/mnt/pangea/Music/Maroon 5/Songs About Jane/04 - She Will Be Loved.mp3,,
Maroon 5 - Sunday Morning.mp3,246.2,filed,artist+title,Maroon 5,Sunday Morning,Songs About Jane,Maroon 5,2002,93d5a1d1-73c0-34d3-b7f1-49473c48face,9adea766-5f40-3896-acff-a1027e62e7a3,/mnt/pangea/Music/Maroon 5/Songs About Jane/08 - Sunday Morning.mp3,,
Maroon 5 - This Love.mp3,206.8,filed,artist+title,Maroon 5,This Love,Songs About Jane,Maroon 5,2002,93d5a1d1-73c0-34d3-b7f1-49473c48face,3b778817-19a2-45ed-9e91-c114875c5711,/mnt/pangea/Music/Maroon 5/Songs About Jane/02 - This Love.mp3,,
Maroon 5 - Won't Go Home Without You.mp3,231.2,filed,artist+title,Maroon 5,Won’t Go Home Without You,It Won’t Be Soon Before Long,Maroon 5,2007,0a8d9c8b-1447-43de-bcd0-4da5e0814a55,5bc9d5e7-ff33-4b48-a6ff-39ef7eb17aac,/mnt/pangea/Music/Maroon 5/It Won’t Be Soon Before Long/05 - Won’t Go Home Without You.mp3,,
Michael Bolton - Georgia On My Mind.mp3,297.5,filed,artist+title,Michael Bolton,Georgia on My Mind,Soul Provider,Michael Bolton,1989,ce591603-956c-3656-b8d5-3c3bcd66c4b6,304c4c95-3517-4d44-8c40-24dbfa4ede70,/mnt/pangea/Music/Michael Bolton/Soul Provider/02 - Georgia on My Mind.mp3,,
Michael Bublé - Feeling Good.mp3,237.0,filed,artist+title,Michael Bublé,Feeling Good,It’s Time,Michael Bublé,2005,3c8d9511-10d0-3a57-aaa3-da5ec9136bdd,694cff22-c356-41d3-9854-3525c1d4c12b,/mnt/pangea/Music/Michael Bublé/It’s Time/01 - Feeling Good.mp3,,
Michael Bublé - Lost.mp3,220.6,filed,artist+title,Michael Bublé,Lost,Call Me Irresponsible,Michael Bublé,2007,e833803c-e568-368f-b9a8-695683ebe93b,86b6b574-2d47-4e87-a47a-6a18dae41847,/mnt/pangea/Music/Michael Bublé/Call Me Irresponsible/06 - Lost.mp3,,
Michael Jackson - Heal The World.mp3,385.0,filed,artist+title,Michael Jackson,Heal the World,Dangerous,Michael Jackson,1991,d6b52521-0dfa-390f-970f-790174c22752,7bd0710f-cc54-415c-b1b4-90782e3ac70f,/mnt/pangea/Music/Michael Jackson/Dangerous/07 - Heal the World.mp3,,
Michael Jackson - Thriller.mp3,357.7,filed,artist+title,Michael Jackson,Thriller,Thriller,Michael Jackson,1982,f32fab67-77dd-3937-addc-9062e28e4c37,6bc658fc-c2ad-38ec-a829-0cf8ffef53d8,/mnt/pangea/Music/Michael Jackson/Thriller/04 - Thriller.mp3,,
Michael Nyman - The Piano.mp3,192.8,inbox,,,,,,,,,/mnt/pangea/audio-downloads/Music/Michael Nyman - The Piano.mp3,,
Mika & Chiara - Stardust.mp3,210.3,inbox,,,,,,,,,/mnt/pangea/audio-downloads/Music/Mika & Chiara - Stardust.mp3,,
Miley Cyrus - We Can't Stop.mp3,232.7,filed,artist+title,Miley Cyrus,We Can’t Stop,Bangerz,Miley Cyrus,2013,0e5b4580-4e6d-43e6-8384-0d13ac52a9d7,56a9fcc3-fb3c-448f-9a02-0bfe0d77b41a,/mnt/pangea/Music/Miley Cyrus/Bangerz/02 - We Can’t Stop.mp3,,
Miley Cyrus - Wrecking Ball.mp3,223.3,filed,artist+title,Miley Cyrus,Wrecking Ball,Bangerz,Miley Cyrus,2013,0e5b4580-4e6d-43e6-8384-0d13ac52a9d7,56a9fcc3-fb3c-448f-9a02-0bfe0d77b41a,/mnt/pangea/Music/Miley Cyrus/Bangerz/06 - Wrecking Ball.mp3,,
Milow - Ayo Technology.mp3,220.5,filed,artist+title,Milow,Ayo Technology,Milow,Milow,2009,fce42e9f-597b-3958-9b6e-d58898f1c683,ac382207-b8d9-402f-a7e8-ff742338d8d5,/mnt/pangea/Music/Milow/Milow/01 - Ayo Technology.mp3,,
Monsoon & Dreamwurx - Splashed 2004.mp3,482.2,inbox,,,,,,,,,/mnt/pangea/audio-downloads/Music/Monsoon & Dreamwurx - Splashed 2004.mp3,,
Motorhead - Ace of spades.mp3,169.2,filed,artist+title,Motörhead,Ace of Spades,Ace of Spades,Motörhead,2003,51d51de2-0312-4798-8529-bed2ae2581c6,0483f4bc-7528-423f-afca-bbff87ee0da4,/mnt/pangea/Music/Motörhead/Ace of Spades/01 - Ace of Spades.mp3,,
Motorhead - America.mp3,218.2,filed,artist+title,Motörhead,America,Iron Fist,Motörhead,1982,79ef7018-37bb-3447-8224-c6bbe4f059ef,987c7f61-fb93-4665-85ef-0fabb5b3c715,/mnt/pangea/Music/Motörhead/Iron Fist/07 - America.mp3,,
Motorhead - Enter sandman.mp3,314.5,inbox,,,,,,,,,/mnt/pangea/audio-downloads/Music/Motorhead - Enter sandman.mp3,,
Motorhead - Hellraiser.mp3,278.0,filed,artist+title,Motörhead,Hellraiser,March ör Die,Motörhead,1992,cdee9c99-3592-30ec-8232-056a352d8333,4a0222ff-0f48-469a-85f2-c4c971328a78,/mnt/pangea/Music/Motörhead/March ör Die/06 - Hellraiser.mp3,,
Motorhead - It's a long way to the top.mp3,337.7,inbox,,,,,,,,,/mnt/pangea/audio-downloads/Music/Motorhead - It's a long way to the top.mp3,,
"Motorhead - Louie, Louie.mp3",168.5,filed,artist+title,Motörhead,Louie Louie,Overkill,Motörhead,1991,c99d9663-dd14-3ba2-9d8c-10c8f8fa569b,dc25cbe1-07a1-480f-85e2-ca15853fe57a,/mnt/pangea/audio-library/Motörhead/Overkill/13 - Louie Louie.mp3,,
Motorhead - Orgasmatron.mp3,322.7,filed,artist+title,Motörhead,Orgasmatron,Orgasmatron,Motörhead,1986,b864ee7c-5664-3fa0-a04d-9056d89efaa4,d549192d-0de5-40c0-973f-37dcdf249fb0,/mnt/pangea/Music/Motörhead/Orgasmatron/09 - Orgasmatron.mp3,,
Motorhead - Play the game.mp3,210.9,inbox,,,,,,,,,/mnt/pangea/audio-downloads/Music/Motorhead - Play the game.mp3,,
Motorhead - Rock 'n' roll.mp3,229.1,filed,artist+title,Motörhead,Rock ’n’ Roll,Rock ’n’ Roll,Motörhead,1987,4d7dcbf1-51dc-391c-8312-7584d712c846,21a5393e-7bad-4059-874c-95463a864bb2,/mnt/pangea/Music/Motörhead/Rock ’n’ Roll/01 - Rock ’n’ Roll.mp3,,
Mushroomhead - Before I die.mp3,192.9,filed,artist+title,Mushroomhead,Before I Die,M3,Mushroomhead,1999,37c0b9b0-c92f-3954-b515-9545d945c25f,f45885b3-8c90-49ac-a335-1caea799570c,/mnt/pangea/Music/Mushroomhead/M3/01 - Before I Die.mp3,,
Mushroomhead - Crazy.mp3,251.3,filed,artist+title,Mushroomhead,Crazy (Seal Cover),XIII,Mushroomhead,2004,530e1676-b725-3b65-808c-08f086ee5837,83fb5ee4-758e-43e3-9543-a96b71e9ad40,/mnt/pangea/Music/Mushroomhead/XIII/14 - Crazy (Seal Cover).mp3,,
Mushroomhead - Solitaire unraveling.mp3,274.1,filed,artist+title,Mushroomhead,Solitaire / Unraveling,M3,Mushroomhead,1999,37c0b9b0-c92f-3954-b515-9545d945c25f,f45885b3-8c90-49ac-a335-1caea799570c,/mnt/pangea/Music/Mushroomhead/M3/02 - Solitaire _ Unraveling.mp3,,
Mushroomhead - Sun doesn't rise.mp3,196.8,filed,artist+title,Mushroomhead,Sun Doesn’t Rise,XIII,Mushroomhead,2003,530e1676-b725-3b65-808c-08f086ee5837,a0ea32de-4d53-4d79-a898-316d4cf4935c,/mnt/pangea/Music/Mushroomhead/XIII/02 - Sun Doesn’t Rise.mp3,,
My Chemical Romance - Welcome To the black parade.mp3,311.1,filed,artist+title,My Chemical Romance,Welcome to the Black Parade,The Black Parade,My Chemical Romance,2006,bcba43e7-2f72-3b60-b234-577e77fd2d9e,e7dcf45d-9fd9-4b14-a2d3-eee4ad46437f,/mnt/pangea/Music/My Chemical Romance/The Black Parade/05 - Welcome to the Black Parade.mp3,,
Naruto OST - Sadness and sorrow.mp3,109.2,inbox,,,,,,,,,/mnt/pangea/audio-downloads/Music/Naruto OST - Sadness and sorrow.mp3,,
Naruto Shippuuden - Hero's come back.mp3,89.6,inbox,,,,,,,,,/mnt/pangea/audio-downloads/Music/Naruto Shippuuden - Hero's come back.mp3,,
Natalie Imbruglia - Torn.mp3,244.8,filed,artist+title,Natalie Imbruglia,Torn,Left of the Middle,Natalie Imbruglia,1997,ab544eef-d8ec-3b60-b90e-e358d9f771a4,28d55599-ea6d-43bc-a105-f962830fbe19,/mnt/pangea/Music/Natalie Imbruglia/Left of the Middle/01 - Torn.mp3,,
Nate James - The message.mp3,204.1,filed,artist+title,Nate James,The Message,Set the Tone,Nate James,2005,f594a2af-f4cd-3717-9342-97e17e6f6c2e,281897a7-df43-483c-82bf-50eec5505926,/mnt/pangea/Music/Nate James/Set the Tone/02 - The Message.mp3,,
Naughty Boy - La La La.mp3,221.5,filed,artist+title,Naughty Boy feat. Sam Smith,La La La,Hotel Cabana,Naughty Boy,2013,2d0cea34-e009-47f9-b1ea-977cbb776280,3736106a-9623-460e-8c5e-c61a9ae61014,/mnt/pangea/Music/Naughty Boy/Hotel Cabana/08 - La La La.mp3,,
Neffa - Il mondo nuovo.mp3,218.0,inbox,,,,,,,,,/mnt/pangea/audio-downloads/Music/Neffa - Il mondo nuovo.mp3,,
Neffa - La mia signorina.mp3,205.4,filed,artist+title,Neffa,La mia signorina,Arrivi e partenze,Neffa,2001,9926f50d-9393-33a2-897c-d409225f96b0,c5ca2e53-94ee-4321-8037-4a86caa8a9fb,/mnt/pangea/Music/Neffa/Arrivi e partenze/02 - La mia signorina.mp3,,
Neffa - Prima di andare via.mp3,216.4,inbox,,,,,,,,,/mnt/pangea/audio-downloads/Music/Neffa - Prima di andare via.mp3,,
Negramaro - Solo 3 minuti.mp3,218.7,inbox,,,,,,,,,/mnt/pangea/audio-downloads/Music/Negramaro - Solo 3 minuti.mp3,,
Negrita - Rotolando verso sud.mp3,286.1,filed,artist+title,Negrita,Rotolando verso sud,L'uomo sogna di volare,Negrita,2005,e1442cc6-55b9-3e82-ba36-db76d054ba63,5883ed65-b636-4aef-ac10-e7d5d75e5804,/mnt/pangea/Music/Negrita/L'uomo sogna di volare/06 - Rotolando verso sud.mp3,,
Nek - Contromano.mp3,206.9,filed,artist+title,Nek,Contromano,Una parte di me,Nek,2005,f86265ef-fb77-3bfc-8da4-1ed0d7e0c7de,bcdf86a9-13c9-4b3e-b9f7-e6af5a469342,/mnt/pangea/Music/Nek/Una parte di me/01 - Contromano.mp3,,
New Trolls - Concerto grosso.mp3,279.4,inbox,,,,,,,,,/mnt/pangea/audio-downloads/Music/New Trolls - Concerto grosso.mp3,,
New Trolls - Quella carezza della sera.MP3,1223.9,inbox,,,,,,,,,/mnt/pangea/audio-downloads/Music/New Trolls - Quella carezza della sera.MP3,,
New Trolls - Una miniera.mp3,243.1,inbox,,,,,,,,,/mnt/pangea/audio-downloads/Music/New Trolls - Una miniera.mp3,,
Nickelback - Breathe.mp3,239.9,filed,artist+title,Nickelback,Breathe,The State,Nickelback,1998,f4a5efdc-bf28-3818-94f0-fd1bad20a2e6,7ea4114b-7421-43ac-ac61-4f40fc162276,/mnt/pangea/Music/Nickelback/The State/01 - Breathe.mp3,,
Nickelback - Far Away.mp3,238.2,filed,artist+title,Nickelback,Far Away,All the Right Reasons,Nickelback,2005,11c5709d-6939-3519-97e8-6be48f3bd4f2,cba9936e-b7dd-415d-9ec5-5872741a55be,/mnt/pangea/Music/Nickelback/All the Right Reasons/06 - Far Away.mp3,,
Nickelback - Hero.mp3,201.9,inbox,,,,,,,,,/mnt/pangea/audio-downloads/Music/Nickelback - Hero.mp3,,
Nickelback - How you remind me.mp3,227.9,filed,artist+title,Nickelback,How You Remind Me,Silver Side Up,Nickelback,2001,f35498a6-e3a4-3834-b243-8a67d3d1f88c,874364ee-29b4-46df-aadd-c3f5f3d2820c,/mnt/pangea/audio-library/Nickelback/Silver Side Up/02 - How You Remind Me.mp3,,
Nickelback - If everyone cared.mp3,218.0,filed,artist+title,Nickelback,If Everyone Cared,All the Right Reasons,Nickelback,2005,11c5709d-6939-3519-97e8-6be48f3bd4f2,cba9936e-b7dd-415d-9ec5-5872741a55be,/mnt/pangea/Music/Nickelback/All the Right Reasons/09 - If Everyone Cared.mp3,,
Nickelback - Never aga.mp3,263.0,filed,artist+title,Nickelback,Never Again,Silver Side Up,Nickelback,2001,f35498a6-e3a4-3834-b243-8a67d3d1f88c,874364ee-29b4-46df-aadd-c3f5f3d2820c,/mnt/pangea/Music/Nickelback/Silver Side Up/01 - Never Again.mp3,,
Nickelback - Saving me.mp3,219.3,filed,artist+title,Nickelback,Savin’ Me,All the Right Reasons,Nickelback,2005,11c5709d-6939-3519-97e8-6be48f3bd4f2,cba9936e-b7dd-415d-9ec5-5872741a55be,/mnt/pangea/Music/Nickelback/All the Right Reasons/05 - Savin’ Me.mp3,,
Nickelback - Someday.mp3,205.0,filed,artist+title,Nickelback,Someday,The Long Road,Nickelback,2003,ba053794-a331-31da-a3e6-69a6c3e6cd45,abcf27ad-e909-468b-a64d-2546dc3d5bdf,/mnt/pangea/Music/Nickelback/The Long Road/03 - Someday.mp3,,
Nickelback - Too Bad.mp3,234.4,filed,artist+title,Nickelback,Too Bad,Silver Side Up,Nickelback,2001,f35498a6-e3a4-3834-b243-8a67d3d1f88c,874364ee-29b4-46df-aadd-c3f5f3d2820c,/mnt/pangea/Music/Nickelback/Silver Side Up/04 - Too Bad.mp3,,
Nickelback- Photograph.mp3,234.5,filed,artist+title,Nickelback,Photograph,Photograph,Nickelback,2005,56f3bc3a-6f86-37b8-81ce-75cf7053a16a,97b8c622-94e4-4cfe-aec9-8da1faf730a3,/mnt/pangea/Music/Nickelback/Photograph/01 - Photograph.mp3,,
Niels van Gogh - l.s.d. kiko.mp3,460.9,filed,artist only,Niels van Gogh,L.S.D. (Kiko remix),L.S.D.,Niels van Gogh,2006,39d7c02f-5e1d-48a5-9926-739c21446346,ad1376e9-e7d6-4454-9c29-bc22bb97e14a,/mnt/pangea/Music/Niels van Gogh/L.S.D/03 - L.S.D. (Kiko remix).mp3,,
Nightwish - Passion And The Opera.mp3,214.3,filed,artist+title,Nightwish,Passion and the Opera (single edit),Oceanborn,Nightwish,1999,330d46a3-bd4e-3f5a-83c1-ec2b47f9a8d3,63866534-f2c8-4ca9-8542-7933a7efcd78,/mnt/pangea/Music/Nightwish/Oceanborn/12 - Passion and the Opera (single edit).mp3,,
Nino Scario & Electro blues - musique gambafreaks vs sound academy club.mp3,325.1,inbox,,,,,,,,,/mnt/pangea/audio-downloads/Music/Nino Scario & Electro blues - musique gambafreaks vs sound academy club.mp3,,
Nino d'Angelo - Napoli Napoli.mp3,197.7,inbox,,,,,,,,,/mnt/pangea/audio-downloads/Music/Nino d'Angelo - Napoli Napoli.mp3,,
Nirvana - Breed.mp3,183.5,filed,artist+title,Nirvana,Breed,Nevermind,Nirvana,1991,1b022e01-4da6-387b-8658-8678046e4cef,c4682a8e-0213-4173-a604-81b882f074e3,/mnt/pangea/audio-library/Nirvana/Nevermind/04 - Breed.mp3,,
Nirvana - Come as you are.mp3,219.5,filed,artist+title,Nirvana,Come as You Are,Nevermind,Nirvana,1991,1b022e01-4da6-387b-8658-8678046e4cef,c4682a8e-0213-4173-a604-81b882f074e3,/mnt/pangea/audio-library/Nirvana/Nevermind/03 - Come as You Are.mp3,,
Nirvana - Lithium.mp3,255.5,filed,artist+title,Nirvana,Lithium,Nevermind,Nirvana,1991,1b022e01-4da6-387b-8658-8678046e4cef,c4682a8e-0213-4173-a604-81b882f074e3,/mnt/pangea/audio-library/Nirvana/Nevermind/05 - Lithium.mp3,,
Nirvana - Polly.mp3,176.9,inbox,,,,,,,,,/mnt/pangea/audio-downloads/Music/Nirvana - Polly.mp3,,
Nirvana - Rape me.mp3,171.2,filed,artist+title,Nirvana,Rape Me,In Utero,Nirvana,1993,2a0981fb-9593-3019-864b-ce934d97a16e,5dae9a54-2e95-35f8-a948-db7b597d6353,/mnt/pangea/Music/Nirvana/In Utero/04 - Rape Me.mp3,,
Nirvana - Smells like teen spirit.mp3,297.1,filed,artist+title,Nirvana,Smells Like Teen Spirit,Nevermind,Nirvana,1991,1b022e01-4da6-387b-8658-8678046e4cef,c4682a8e-0213-4173-a604-81b882f074e3,/mnt/pangea/audio-library/Nirvana/Nevermind/01 - Smells Like Teen Spirit.mp3,,
No Mercy - Where do you go.mp3,258.2,inbox,,,,,,,,,/mnt/pangea/audio-downloads/Music/No Mercy - Where do you go.mp3,,
Nomadi - Crescerai.mp3,216.2,inbox,,,,,,,,,/mnt/pangea/audio-downloads/Music/Nomadi - Crescerai.mp3,,
Nomadi - Dio è morto.mp3,162.9,filed,artist+title,I Nomadi,Dio è morto,Per quando noi non ci saremo,I Nomadi,1967,1a6fb39e-c0fb-461b-839f-9aacb30f8e9a,97b47e2f-84c4-4dc7-9b69-c002c492d0e5,/mnt/pangea/Music/I Nomadi/Per quando noi non ci saremo/12 - Dio è morto.mp3,,
Nomadi - Io vagabondo.mp3,192.3,filed,artist+title,Nomadi,Io vagabondo (che non sono altro),Io vagabondo (che non sono altro) / Eterno,Nomadi,1972,9553946c-d378-453d-9d02-dae897c2f000,1975cb5f-d8f6-426d-b995-0370faaae3e5,/mnt/pangea/Music/Nomadi/Io vagabondo (che non sono altro) _ Eterno/01 - Io vagabondo (che non sono altro).mp3,,
Nomadi - Io voglio vivere.mp3,248.3,inbox,,,,,,,,,/mnt/pangea/audio-downloads/Music/Nomadi - Io voglio vivere.mp3,,
Nomadi - Ti baciava le labbra.mp3,253.0,inbox,,,,,,,,,/mnt/pangea/audio-downloads/Music/Nomadi - Ti baciava le labbra.mp3,,
Nuova compagnia di canto popolare - 'E spingule francese.mp3,213.5,filed,artist+title,Nuova Compagnia di Canto Popolare,'E spingule francese,Li Sarracini adorano lu sole,Nuova Compagnia di Canto Popolare,1974,3716b032-5040-40a7-965e-b57ea7e2a7b8,8cfb12ff-884d-4574-b2f4-efeef1aa1471,/mnt/pangea/Music/Nuova Compagnia di Canto Popolare/Li Sarracini adorano lu sole/09 - 'E spingule francese.mp3,,
Nuova compagnia di canto popolare - 'O cunto 'e masaniello.mp3,315.2,filed,artist+title,Nuova Compagnia di Canto Popolare,'O cunto 'e Masaniello,Li Sarracini adorano lu sole,Nuova Compagnia di Canto Popolare,1974,3716b032-5040-40a7-965e-b57ea7e2a7b8,8cfb12ff-884d-4574-b2f4-efeef1aa1471,/mnt/pangea/Music/Nuova Compagnia di Canto Popolare/Li Sarracini adorano lu sole/06 - 'O cunto 'e Masaniello.mp3,,
Nuova compagnia di canto popolare - A città e Pulecenella.mp3,202.6,inbox,,,,,,,,,/mnt/pangea/audio-downloads/Music/Nuova compagnia di canto popolare - A città e Pulecenella.mp3,,
Nuova compagnia di canto popolare - Brigante se more.mp3,125.4,inbox,,,,,,,,,/mnt/pangea/audio-downloads/Music/Nuova compagnia di canto popolare - Brigante se more.mp3,,
Nuova compagnia di canto popolare - Canzone delle sei sorelle.mp3,201.4,inbox,,,,,,,,,/mnt/pangea/audio-downloads/Music/Nuova compagnia di canto popolare - Canzone delle sei sorelle.mp3,,
Nuova compagnia di canto popolare - Cicerenella.mp3,210.4,filed,artist+title,Nuova Compagnia di Canto Popolare,Cicerenella,Cicerenella,Nuova Compagnia di Canto Popolare,1975,ce5b5102-1157-474d-ba8c-a78985afc783,f1c75248-1636-42b4-9eb7-0b986506c90a,/mnt/pangea/Music/Nuova Compagnia di Canto Popolare/Cicerenella/10 - Cicerenella.mp3,,
Nuova compagnia di canto popolare - La rumba degli scugnizzi.mp3,125.6,inbox,,,,,,,,,/mnt/pangea/audio-downloads/Music/Nuova compagnia di canto popolare - La rumba degli scugnizzi.mp3,,
Nuova compagnia di canto popolare - Lo guarracino.mp3,408.2,filed,artist+title,Nuova Compagnia di Canto Popolare,Lo guarracino,Nuova Compagnia di Canto Popolare,Nuova Compagnia di Canto Popolare,1971,ed56db4d-a2d5-430a-8022-d3176530fae7,cd70cab7-d571-4ca0-b9b4-681fe13f68b3,/mnt/pangea/Music/Nuova Compagnia di Canto Popolare/Nuova Compagnia di Canto Popolare/07 - Lo guarracino.mp3,,
Nuova compagnia di canto popolare - Musicanova.mp3,217.4,filed,title only,Eugenio Bennato,Musicanova,Taranta Power,Eugenio Bennato,1999,d6ae7fc8-35b2-36a5-89b5-0ea3a65b60a6,626780d8-1337-48db-ab13-04c3b0a5b6d4,/mnt/pangea/Music/Eugenio Bennato/Taranta Power/06 - Musicanova.mp3,,
Nuova compagnia di canto popolare - Pizzica tarantata.mp3,270.3,inbox,,,,,,,,,/mnt/pangea/audio-downloads/Music/Nuova compagnia di canto popolare - Pizzica tarantata.mp3,,
Nuova compagnia di canto popolare - Tammurriata alli uno.mp3,414.3,filed,artist only,Nuova Compagnia di Canto Popolare,Tammuriata alli uno... alli uno,Li Sarracini adorano lu sole,Nuova Compagnia di Canto Popolare,1974,3716b032-5040-40a7-965e-b57ea7e2a7b8,8cfb12ff-884d-4574-b2f4-efeef1aa1471,/mnt/pangea/Music/Nuova Compagnia di Canto Popolare/Li Sarracini adorano lu sole/01 - Tammuriata alli uno... alli uno.mp3,,
Nuova compagnia di canto popolare - Tammurriata nera.mp3,292.3,inbox,,,,,,,,,/mnt/pangea/audio-downloads/Music/Nuova compagnia di canto popolare - Tammurriata nera.mp3,,
Nuova compagnia di canto popolare - Tarantella del Gargano.mp3,299.7,inbox,,,,,,,,,/mnt/pangea/audio-downloads/Music/Nuova compagnia di canto popolare - Tarantella del Gargano.mp3,,
Nuova compagnia di canto popolare - Trapenarella.mp3,225.7,filed,artist+title,Nuova Compagnia di Canto Popolare,Trapenarella,Tarantella ca nun va 'bbona,Nuova Compagnia di Canto Popolare,1975,26a899b5-e54a-4662-9c3e-036c00f65a6c,d86fd2df-017d-4e70-89f0-fdec1f2d3921,/mnt/pangea/Music/Nuova Compagnia di Canto Popolare/Tarantella ca nun va 'bbona/06 - Trapenarella.mp3,,
O-Zone - Dragostea din tei.mp3,214.5,filed,artist+title,O‐Zone,Dragostea din tei (crystal mix),DiscO-Zone〜恋のマイアヒ〜,O‐Zone,2005,16752c16-6ca4-3a99-892d-81633e10a648,c3580384-7e0d-4acd-b4bc-c9bba49d652b,/mnt/pangea/Music/O‐Zone/DiscO-Zone〜恋のマイアヒ〜/15 - Dragostea din tei (crystal mix).mp3,,
One Republic - Love Runs Out.mp3,244.3,inbox,,,,,,,,,/mnt/pangea/audio-downloads/Music/One Republic - Love Runs Out.mp3,,
Outwork & Mr Gee - Elektro outwork.mp3,419.7,filed,artist+title,Outwork feat. Mr. Gee,Elektro (Outwork mix),Elektro,Outwork feat. Mr. Gee,2005,32340830-f73a-3ab4-9c29-4a4f26b13149,e919c6b1-27e2-41a4-a37c-0df49275bd00,/mnt/pangea/Music/Outwork feat. Mr. Gee/Elektro/02 - Elektro (Outwork mix).mp3,,
POD - Alive.mp3,201.9,filed,artist+title,P.O.D.,Alive,Satellite,P.O.D.,2001,179769df-295c-3203-b946-2604775b8461,545758bf-aef3-4085-9bf3-be00ce8895a9,/mnt/pangea/Music/P.O.D/Satellite/02 - Alive.mp3,,
POD - Boom.mp3,188.7,filed,artist+title,P.O.D.,Boom,Satellite,P.O.D.,2001,179769df-295c-3203-b946-2604775b8461,545758bf-aef3-4085-9bf3-be00ce8895a9,/mnt/pangea/Music/P.O.D/Satellite/03 - Boom.mp3,,
POD - Goodbye for now.mp3,270.6,inbox,,,,,,,,,/mnt/pangea/audio-downloads/Music/POD - Goodbye for now.mp3,,
POD - Will you.mp3,225.9,filed,artist+title,P.O.D.,Will You,Payable on Death,P.O.D.,2003,d6902e20-de15-3a8f-994a-610bc7da2fe5,597ab86b-d08a-481b-b5c6-bd622a91ee1a,/mnt/pangea/Music/P.O.D/Payable on Death/02 - Will You.mp3,,
POD - Youth of the Nation.mp3,258.9,filed,artist+title,P.O.D.,Youth of the Nation,Satellite,P.O.D.,2001,179769df-295c-3203-b946-2604775b8461,545758bf-aef3-4085-9bf3-be00ce8895a9,/mnt/pangea/Music/P.O.D/Satellite/04 - Youth of the Nation.mp3,,
PSY - Gangnam Style.mp3,219.2,filed,artist+title,PSY,Gangnam Style (강남스타일),싸이6甲 Part.1,PSY,2012,67024b14-3328-411e-8f1c-d651eda82f58,a9e3b144-2dee-4fcc-b812-b30c47f4c53d,/mnt/pangea/Music/PSY/싸이6甲 Part.1/03 - Gangnam Style (강남스타일).mp3,,
Paps 'n' Skar - Che vuoto che c'è.mp3,208.1,filed,artist+title,Paps 'N' Skar,Che vuoto che c'è (Take a Sample edit),Che vuoto che c'è,Paps 'N' Skar,2003,10184e1d-3e90-4aee-b693-64d010f9fd84,715d96b2-9112-4da9-b07a-f7f3679d7afb,/mnt/pangea/Music/Paps 'N' Skar/Che vuoto che c'è/01 - Che vuoto che c'è (Take a Sample edit).mp3,,
Paps 'n' Skar - Vieni con me.mp3,203.6,inbox,,,,,,,,,/mnt/pangea/audio-downloads/Music/Paps 'n' Skar - Vieni con me.mp3,,
Passenger - Let Her Go.mp3,252.7,inbox,,,,,,,,,/mnt/pangea/audio-downloads/Music/Passenger - Let Her Go.mp3,,
Patti Pravo - E dimmi che non vuoi morire.mp3,256.7,filed,artist+title,Patty Pravo,...e dimmi che non vuoi morire,Bye Bye Patty,Patty Pravo,1997,e8e39e98-f130-3a67-94f8-20af70575008,a49edea2-22af-46f9-94bf-b78bf11adf8c,/mnt/pangea/Music/Patty Pravo/Bye Bye Patty/01 - ...e dimmi che non vuoi morire.mp3,,
Patti Pravo - La bambola.mp3,181.2,filed,artist+title,Patty Pravo,La bambola,Patty Pravo,Patty Pravo,1968,9d9ee1db-1dbb-45e2-984f-69443a8cdc45,64c1b3e4-c789-4a74-8578-1df91d0d9f7f,/mnt/pangea/Music/Patty Pravo/Patty Pravo/01 - La bambola.mp3,,
Patti Pravo - Pazza idea.mp3,234.4,inbox,,,,,,,,,/mnt/pangea/audio-downloads/Music/Patti Pravo - Pazza idea.mp3,,
Patti Pravo - Pensiero stupendo.mp3,303.9,inbox,,,,,,,,,/mnt/pangea/audio-downloads/Music/Patti Pravo - Pensiero stupendo.mp3,,
Paul McCartney - Queenie Eye.mp3,228.1,filed,artist+title,Paul McCartney,Queenie Eye,New,Paul McCartney,2013,4247618e-45af-4080-95f0-43e1a7d77ea6,adf4c280-2f65-4993-82d0-2ec424651802,/mnt/pangea/Music/Paul McCartney/New/04 - Queenie Eye.mp3,,
Peter Gabriel - Big time.mp3,266.5,filed,artist+title,Peter Gabriel,Big Time,So,Peter Gabriel,1986,be3cc3e7-bdb0-3c13-a60b-a985b30eb603,9b551296-68b0-4df5-bbbe-e6fe5639ed31,/mnt/pangea/Music/Peter Gabriel/So/07 - Big Time.mp3,,
Phantom Planet - California - The O.C..mp3,194.1,filed,artist+title,Phantom Planet,California (the OC theme),California - The OC Theme,Phantom Planet,2023,b66a5a14-7243-36ec-a8cc-87f460a90bc0,9ee41ffb-ca11-4975-a890-c52e9a4d046a,/mnt/pangea/Music/Phantom Planet/California - The OC Theme/01 - California (the OC theme).mp3,,
Pharrel Williams - Happy.mp3,233.4,filed,artist+title,Pharrell Williams,Happy,G I R L,Pharrell Williams,2014,b98397c3-76c8-4d00-8274-fbbc418bb99f,d9da886d-dd13-4a60-9bcd-959fefcfebf6,/mnt/pangea/Music/Pharrell Williams/G I R L/05 - Happy.mp3,,
Philtronic - Groove cut.mp3,295.5,inbox,,,,,,,,,/mnt/pangea/audio-downloads/Music/Philtronic - Groove cut.mp3,,
Philtronic - Sing for my soul.mp3,228.1,inbox,,,,,,,,,/mnt/pangea/audio-downloads/Music/Philtronic - Sing for my soul.mp3,,
Phunk a Delic - Rockin.mp3,193.5,filed,artist+title,Phunk‐A‐Delic,Rockin (Short Cut),Rockin,Phunk‐A‐Delic,2006,9a239abf-c5d7-38e5-b231-c1294195b6e7,47903c13-8c8c-43a0-b5ea-20b1398da840,/mnt/pangea/Music/Phunk‐A‐Delic/Rockin/04 - Rockin (Short Cut).mp3,,
Pink & Lily Allen - True Love.mp3,232.0,inbox,,,,,,,,,/mnt/pangea/audio-downloads/Music/Pink & Lily Allen - True Love.mp3,,
Pink & Nate Ruess - Just Give Me A Reason.mp3,244.2,inbox,,,,,,,,,/mnt/pangea/audio-downloads/Music/Pink & Nate Ruess - Just Give Me A Reason.mp3,,
Pink - Stupid Girls.mp3,195.8,inbox,,,,,,,,,/mnt/pangea/audio-downloads/Music/Pink - Stupid Girls.mp3,,
Pink - U + ur hand.mp3,214.4,inbox,,,,,,,,,/mnt/pangea/audio-downloads/Music/Pink - U + ur hand.mp3,,
Pink Floid - Another brick in the wall.mp3,242.3,filed,artist+title,Pink Floyd,"Another Brick in the Wall, Part 2",The Wall,Pink Floyd,1979,f2026101-945b-3d05-9ef4-aa718fc3feef,ded45c32-17c1-4821-b52a-7d056be67442,"/mnt/pangea/Music/Pink Floyd/The Wall/05 - Another Brick in the Wall, Part 2.mp3",,same file as 1 other name(s)
Pink Floyd - Another Brick In The Wall.mp3,242.3,filed,artist+title,Pink Floyd,"Another Brick in the Wall, Part 2",The Wall,Pink Floyd,1979,f2026101-945b-3d05-9ef4-aa718fc3feef,ded45c32-17c1-4821-b52a-7d056be67442,"/mnt/pangea/Music/Pink Floyd/The Wall/05 - Another Brick in the Wall, Part 2.mp3",,same file as 1 other name(s)
Pink Floyd - Brain Damage.mp3,230.5,filed,artist+title,Pink Floyd,Brain Damage,The Dark Side of the Moon,Pink Floyd,1973,f5093c06-23e3-404f-aeaa-40f72885ee3a,b02a0c0a-3027-4f26-ba2d-3905f228a0d5,/mnt/pangea/audio-library/Pink Floyd/The Dark Side of the Moon/09 - Brain Damage.mp3,,
Pink Floyd - Comfortably Numb.mp3,413.6,filed,artist+title,Pink Floyd,Comfortably Numb,The Wall,Pink Floyd,1984,f2026101-945b-3d05-9ef4-aa718fc3feef,8eb1532a-bccb-4cc4-b590-5be19386a6f7,/mnt/pangea/Music/Pink Floyd/The Wall/06 - Comfortably Numb.mp3,,
Pink Floyd - Eclipse.mp3,131.6,inbox,,,,,,,,,/mnt/pangea/audio-downloads/Music/Pink Floyd - Eclipse.mp3,,
Pink Floyd - Hey You.mp3,282.2,filed,artist+title,Pink Floyd,Hey You,The Wall,Pink Floyd,1979,f2026101-945b-3d05-9ef4-aa718fc3feef,ded45c32-17c1-4821-b52a-7d056be67442,/mnt/pangea/Music/Pink Floyd/The Wall/01 - Hey You.mp3,,
Pink Floyd - High Hopes.mp3,511.9,filed,artist+title,Pink Floyd,High Hopes,The Division Bell,Pink Floyd,1994,90878b63-f639-3c8b-aefb-190bdf3d1790,daf30809-e6b4-4eb6-9e3e-c79de2cc9b47,/mnt/pangea/audio-library/Pink Floyd/The Division Bell/11 - High Hopes.mp3,,
Pink Floyd - Let There Be More Light.mp3,337.9,filed,artist+title,Pink Floyd,Let There Be More Light,A Saucerful of Secrets,Pink Floyd,1968,8a9caa40-b7c6-33eb-a13c-6c15f09b1c44,4027c972-d2aa-387a-83e2-b5f7ac24a7be,/mnt/pangea/Music/Pink Floyd/A Saucerful of Secrets/01 - Let There Be More Light.mp3,,
Pink Floyd - Money.mp3,382.8,filed,artist+title,Pink Floyd,Money,The Dark Side of the Moon,Pink Floyd,1973,f5093c06-23e3-404f-aeaa-40f72885ee3a,b02a0c0a-3027-4f26-ba2d-3905f228a0d5,/mnt/pangea/audio-library/Pink Floyd/The Dark Side of the Moon/06 - Money.mp3,,
Pink Floyd - Paintbox.mp3,213.1,inbox,,,,,,,,,/mnt/pangea/audio-downloads/Music/Pink Floyd - Paintbox.mp3,,
Pink Floyd - Shine On You Crazy Diamond.mp3,1571.6,filed,artist+title,Pink Floyd,"Shine On You Crazy Diamond, Pts. 1–9 (new stereo mix)",Wish You Were Here 50,Pink Floyd,2025,1a272023-10d3-38ee-bab3-317b55fcc21d,ab285fe1-b41f-49d8-8bf8-497433a91387,"/mnt/pangea/Music/Pink Floyd/Wish You Were Here 50/29 - Shine On You Crazy Diamond, Pts. 1–9 (new stereo mix).mp3",,
Pink Floyd - The Great Gig In The Sky.mp3,284.0,filed,artist+title,Pink Floyd,The Great Gig in the Sky,The Dark Side of the Moon,Pink Floyd,1973,f5093c06-23e3-404f-aeaa-40f72885ee3a,b02a0c0a-3027-4f26-ba2d-3905f228a0d5,/mnt/pangea/audio-library/Pink Floyd/The Dark Side of the Moon/05 - The Great Gig in the Sky.mp3,,
Pink Floyd - The Show Must Go On.mp3,95.9,filed,artist+title,Pink Floyd,The Show Must Go On,The Wall,Pink Floyd,1979,f2026101-945b-3d05-9ef4-aa718fc3feef,ded45c32-17c1-4821-b52a-7d056be67442,/mnt/pangea/Music/Pink Floyd/The Wall/07 - The Show Must Go On.mp3,,
Pink Floyd - Time.mp3,426.5,filed,artist+title,Pink Floyd,Time,The Dark Side of the Moon,Pink Floyd,1973,f5093c06-23e3-404f-aeaa-40f72885ee3a,b02a0c0a-3027-4f26-ba2d-3905f228a0d5,/mnt/pangea/audio-library/Pink Floyd/The Dark Side of the Moon/04 - Time.mp3,,
Pink Floyd - Us And Them.mp3,471.1,inbox,,,,,,,,,/mnt/pangea/audio-downloads/Music/Pink Floyd - Us And Them.mp3,,
Pink Floyd - Wish You Were Here.mp3,334.4,filed,artist+title,Pink Floyd,Wish You Were Here,Wish You Were Here,Pink Floyd,1975,1a272023-10d3-38ee-bab3-317b55fcc21d,8333091a-c9c0-4e52-99b4-1a57764cfeac,/mnt/pangea/Music/Pink Floyd/Wish You Were Here/04 - Wish You Were Here.mp3,,
Plan B - She Said.mp3,211.6,filed,artist+title,Plan B,She Said,The Defamation of Strickland Banks,Plan B,2010,23ba7d49-2821-4bea-9c7c-78d180a27a79,4edf3a01-f193-4683-a0a5-325a6bd65815,/mnt/pangea/Music/Plan B/The Defamation of Strickland Banks/1-04 - She Said.mp3,,
Pooh - Cuore azzurro.mp3,196.0,inbox,,,,,,,,,/mnt/pangea/audio-downloads/Music/Pooh - Cuore azzurro.mp3,,
Pooh - Dammi solo un minuto.mp3,249.9,inbox,,,,,,,,,/mnt/pangea/audio-downloads/Music/Pooh - Dammi solo un minuto.mp3,,
Pooh - Infiniti noi.mp3,375.3,filed,artist+title,I Pooh,Infiniti noi,Parsifal,Pooh,1973,41366b71-77dd-3cde-b6de-006ed0404c9c,7b247a9d-05c2-42c1-a60c-a278b8a4c1ef,/mnt/pangea/Music/Pooh/Parsifal/07 - Infiniti noi.mp3,,
Pooh - Mi dispiace devo andare.mp3,273.8,inbox,,,,,,,,,/mnt/pangea/audio-downloads/Music/Pooh - Mi dispiace devo andare.mp3,,
Pooh - Noi due nel mondo e nell'anima.mp3,210.8,filed,artist+title,Pooh,Noi due nel mondo e nell'anima,Alessandra,Pooh,1972,51881fb1-5703-3233-95a9-c8d04b79ec16,96a4ef27-80e6-4f97-b54b-fdc7f1096719,/mnt/pangea/Music/Pooh/Alessandra/02 - Noi due nel mondo e nell'anima.mp3,,
Pooh - Parsifal.mp3,599.7,inbox,,,,,,,,,/mnt/pangea/audio-downloads/Music/Pooh - Parsifal.mp3,,
Pooh - Pensiero.mp3,236.5,inbox,,,,,,,,,/mnt/pangea/audio-downloads/Music/Pooh - Pensiero.mp3,,
Pooh - Piccola Katy.mp3,188.7,inbox,,,,,,,,,/mnt/pangea/audio-downloads/Music/Pooh - Piccola Katy.mp3,,
Pooh - Pierre.mp3,222.9,inbox,,,,,,,,,/mnt/pangea/audio-downloads/Music/Pooh - Pierre.mp3,,
Pooh - Tanta voglia di lei.mp3,261.6,filed,artist+title,Pooh,Tanta voglia di lei,Opera prima,Pooh,1971,5eb5c062-69e9-3095-b4fb-d995cbad3561,7150721c-3bf1-42c4-b7ea-99b43fd7d443,/mnt/pangea/Music/Pooh/Opera prima/06 - Tanta voglia di lei.mp3,,
Povia - I bambini fanno ooh.mp3,217.2,filed,artist+title,Povia,"I bambini fanno ""ooh...""",Evviva i pazzi... che hanno capito cos'è l'amore,Povia,2005,6aa34f87-2dae-3fbd-8804-ef44bb53d739,9229b081-f411-4c23-a33d-245c80eb1569,/mnt/pangea/Music/Povia/Evviva i pazzi... che hanno capito cos'è l'amore/02 - I bambini fanno _ooh..._.mp3,,
Pravo Patti - Ragazzo triste.mp3,183.8,inbox,,,,,,,,,/mnt/pangea/audio-downloads/Music/Pravo Patti - Ragazzo triste.mp3,,
Presa in giro - Mi piace se ti muovi.mp3,157.3,inbox,,,,,,,,,/mnt/pangea/audio-downloads/Music/Presa in giro - Mi piace se ti muovi.mp3,,
Pubblicità di Sleepover Club.mp3,39.5,inbox,,,,,,,,,/mnt/pangea/audio-downloads/Music/Pubblicità di Sleepover Club.mp3,,
Pubblicità pompea - La mutanda mi stressa.mp3,30.8,inbox,,,,,,,,,/mnt/pangea/audio-downloads/Music/Pubblicità pompea - La mutanda mi stressa.mp3,,
Pupo - Su di noi.mp3,228.7,filed,artist+title,Pupo,Su di noi,Tornerò,Pupo,1998,d47e350a-17ea-3d3e-92fa-2a358b9f1411,82749509-4279-4ba6-afe8-291e6d747c69,/mnt/pangea/Music/Pupo/Tornerò/05 - Su di noi.mp3,,
Pussycat Dolls - Beep.mp3,228.8,filed,artist+title,The Pussycat Dolls featuring will.i.am,Beep,PCD,The Pussycat Dolls,2005,3ead83f6-f7f1-34a8-88e9-d6f9617a7939,b90b23dd-c448-4126-9773-d8c63f892e9b,/mnt/pangea/Music/The Pussycat Dolls/PCD/02 - Beep.mp3,,
Pussycat Dolls - Bite the dust.mp3,212.8,filed,artist+title,The Pussycat Dolls,Bite the Dust,PCD,The Pussycat Dolls,2005,3ead83f6-f7f1-34a8-88e9-d6f9617a7939,b90b23dd-c448-4126-9773-d8c63f892e9b,/mnt/pangea/Music/The Pussycat Dolls/PCD/06 - Bite the Dust.mp3,,
Pussycat Dolls - Don't cha.mp3,216.3,filed,artist+title,Pussycat Dolls feat. Busta Rhymes,Don't Cha (radio edit),Don't Cha,The Pussycat Dolls featuring Busta Rhymes,2005,653d3d0a-88e8-39f8-b7bb-d1f2a1620a61,bf87213e-a975-47ec-84b6-554267439cb9,/mnt/pangea/Music/The Pussycat Dolls featuring Busta Rhymes/Don't Cha/01 - Don't Cha (radio edit).mp3,,
Pussycat Dolls - Push the buttons.mp3,225.6,filed,artist only,The Pussycat Dolls,Buttons,PCD,The Pussycat Dolls,2005,3ead83f6-f7f1-34a8-88e9-d6f9617a7939,19370c8b-e4e2-445f-b8eb-a5033c9fa5cc,/mnt/pangea/Music/The Pussycat Dolls/PCD/1-05 - Buttons.mp3,,
Pussycat Dolls - Stick with you.mp3,207.5,filed,artist+title,The Pussycat Dolls,Stickwitu,PCD,The Pussycat Dolls,2005,3ead83f6-f7f1-34a8-88e9-d6f9617a7939,19370c8b-e4e2-445f-b8eb-a5033c9fa5cc,/mnt/pangea/Music/The Pussycat Dolls/PCD/1-04 - Stickwitu.mp3,,same file as 1 other name(s)
Pussycat Dolls - Stickwitu.mp3,207.5,filed,artist+title,The Pussycat Dolls,Stickwitu,PCD,The Pussycat Dolls,2005,3ead83f6-f7f1-34a8-88e9-d6f9617a7939,19370c8b-e4e2-445f-b8eb-a5033c9fa5cc,/mnt/pangea/Music/The Pussycat Dolls/PCD/1-04 - Stickwitu.mp3,,same file as 1 other name(s)
Pussycat Dolls - Sway.mp3,192.9,filed,artist+title,The Pussycat Dolls,Sway,PCD,The Pussycat Dolls,2005,3ead83f6-f7f1-34a8-88e9-d6f9617a7939,b90b23dd-c448-4126-9773-d8c63f892e9b,/mnt/pangea/Music/The Pussycat Dolls/PCD/10 - Sway.mp3,,
Queen & Elton John - The show must go on.mp3,272.8,filed,artist+title,Queen,The Show Must Go On,Innuendo,Queen,1991,daf57856-a734-3441-b0fd-26aa5f28ca64,0ab99e88-8a18-4440-b5e4-19612283ed5d,/mnt/pangea/Music/Queen/Innuendo/12 - The Show Must Go On.mp3,,same file as 1 other name(s)
Queen - Another One Bites The Dust.mp3,212.9,filed,artist+title,Queen,Another One Bites the Dust,The Game,Queen,1980,75702ddf-a46c-3cac-bace-0a466eb3c37c,383876c7-713c-4c85-9ecd-f514dfc035d5,/mnt/pangea/Music/Queen/The Game/03 - Another One Bites the Dust.mp3,,
Queen - Bicycle Race.mp3,182.5,filed,artist+title,Queen,Bicycle Race,Jazz,Queen,1978,c192ea46-7377-34f0-b332-dd9810edd560,0c28f312-8fde-45cd-8260-24dff5c8399d,/mnt/pangea/Music/Queen/Jazz/04 - Bicycle Race.mp3,,
Queen - Bohemian Rhapsody.mp3,355.9,filed,artist+title,Queen,Bohemian Rhapsody,A Night at the Opera,Queen,1975,6b47c9a0-b9e1-3df9-a5e8-50a6ce0dbdbd,c7b58f24-5758-41a2-a918-8fd793785b91,/mnt/pangea/Music/Queen/A Night at the Opera/11 - Bohemian Rhapsody.mp3,,
Queen - Don't Stop Me Now.mp3,211.7,inbox,,,,,,,,,/mnt/pangea/audio-downloads/Music/Queen - Don't Stop Me Now.mp3,,
Queen - I Want To Break Free.mp3,259.8,filed,artist+title,Queen,I Want to Break Free,The Works,Queen,2011,44c90c72-76b5-3c13-890e-3d37f21c10c9,3979f6a4-b0ad-4712-8208-b6106ad129cb,/mnt/pangea/Music/Queen/The Works/2-02 - I Want to Break Free.mp3,,
Queen - Innuendo.mp3,388.5,filed,artist+title,Queen,Innuendo,Innuendo,Queen,1991,daf57856-a734-3441-b0fd-26aa5f28ca64,0ab99e88-8a18-4440-b5e4-19612283ed5d,/mnt/pangea/Music/Queen/Innuendo/01 - Innuendo.mp3,,
Queen - Princes Of The Universe.mp3,211.7,filed,artist+title,Queen,Princes of the Universe,A Kind of Magic,Queen,1986,84f508a9-beae-3e97-b59e-3a8886c6e901,4c17be68-8bbe-3ca4-ba31-530c2461492e,/mnt/pangea/Music/Queen/A Kind of Magic/09 - Princes of the Universe.mp3,,
Queen - Radio Ga Ga.mp3,349.2,filed,artist+title,Queen,Radio Ga Ga,The Works,Queen,1984,44c90c72-76b5-3c13-890e-3d37f21c10c9,adeefb5a-03f4-4e8b-a34b-bd46861120bb,/mnt/pangea/Music/Queen/The Works/01 - Radio Ga Ga.mp3,,
Queen - Somebody To Love.mp3,297.7,filed,artist+title,Queen,Somebody to Love,A Day at the Races,Queen,1976,a106e33b-e440-3ff3-9250-c6408ed73e60,b406da01-9bd1-4636-9904-11634d6ed8d0,/mnt/pangea/Music/Queen/A Day at the Races/06 - Somebody to Love.mp3,,
Queen - Thank god it's christmas.mp3,259.1,filed,artist+title,Queen,Thank God It’s Christmas,The Works,Queen,2011,44c90c72-76b5-3c13-890e-3d37f21c10c9,3979f6a4-b0ad-4712-8208-b6106ad129cb,/mnt/pangea/Music/Queen/The Works/2-06 - Thank God It’s Christmas.mp3,,
Queen - The Show Must Go On.mp3,272.8,filed,artist+title,Queen,The Show Must Go On,Innuendo,Queen,1991,daf57856-a734-3441-b0fd-26aa5f28ca64,0ab99e88-8a18-4440-b5e4-19612283ed5d,/mnt/pangea/Music/Queen/Innuendo/12 - The Show Must Go On.mp3,,same file as 1 other name(s)
Queen - These Are The Days Of Our Lives.mp3,255.4,filed,artist+title,Queen,These Are the Days of Our Lives,Innuendo,Queen,1991,daf57856-a734-3441-b0fd-26aa5f28ca64,0ab99e88-8a18-4440-b5e4-19612283ed5d,/mnt/pangea/Music/Queen/Innuendo/08 - These Are the Days of Our Lives.mp3,,
Queen - We Are The Champions.mp3,181.1,inbox,,,,,,,,,/mnt/pangea/audio-downloads/Music/Queen - We Are The Champions.mp3,,
Queen - Who Wants To Live Forever.mp3,316.9,filed,artist+title,Queen,Who Wants to Live Forever,A Kind of Magic,Queen,1986,84f508a9-beae-3e97-b59e-3a8886c6e901,4c17be68-8bbe-3ca4-ba31-530c2461492e,/mnt/pangea/Music/Queen/A Kind of Magic/06 - Who Wants to Live Forever.mp3,,
Question Mark - Storia.mp3,254.5,filed,artist+title,Question Mark,Storia (radio edit),Storia,Question Mark,2004,8bec8ad7-c546-49ac-aed1-68f91b8a6672,72132c33-512b-4381-94b6-4b163b0779e1,/mnt/pangea/Music/Question Mark/Storia/02 - Storia (radio edit).mp3,,
R.E.M. - Bad Day.mp3,247.8,inbox,,,,,,,,,/mnt/pangea/audio-downloads/Music/R.E.M. - Bad Day.mp3,,
R.E.M. - Everybody Hurts.mp3,314.5,filed,artist+title,R.E.M.,Everybody Hurts,Automatic for the People,R.E.M.,1992,c86c6af9-d10e-3079-b34b-30b682a797eb,76e61c52-1015-4c10-a331-e8380bc79c44,/mnt/pangea/Music/R.E.M/Automatic for the People/04 - Everybody Hurts.mp3,,
R.E.M. - Imitation Of Life.mp3,236.6,filed,artist+title,R.E.M.,Imitation of Life,Reveal,R.E.M.,2001,6f285675-2ae8-3a6c-883a-0e29f8a6d1c6,d0ddf447-eb66-451c-b6e9-e8fc78107a75,/mnt/pangea/Music/R.E.M/Reveal/08 - Imitation of Life.mp3,,
R.E.M. - Losing My Religion.mp3,269.8,inbox,,,,,,,,,/mnt/pangea/audio-downloads/Music/R.E.M. - Losing My Religion.mp3,,
Radiohead - Everything In Its Right Place.mp3,249.6,filed,artist+title,Radiohead,Everything in Its Right Place,Kid A,Radiohead,2000,e75c0549-ad55-39e3-8025-c72c5d4a3c5d,91965f34-d56b-4a2b-a8df-cc1291c55cfe,/mnt/pangea/Music/Radiohead/Kid A/01 - Everything in Its Right Place.mp3,,
Raf - Cosa resterà degli anni '80.mp3,318.5,filed,artist+title,Raf,Cosa resterà degli anni '80,Cosa resterà ...,Raf,1989,e18ab39e-94fd-3325-aef1-2c41e801bf39,ed15c038-6802-4975-af63-63142a8062f1,/mnt/pangea/Music/Raf/Cosa resterà/05 - Cosa resterà degli anni '80.mp3,,
Raffaella Carrà - Pedro.mp3,203.3,filed,artist+title,Raffaella Carrà,Pedro,Mi spendo tutto,Raffaella Carrà,1980,ad020521-41a8-40ea-a227-a00e2321e771,6d3e7b0a-b84a-44c9-bfbd-4ffcfa5dbd0d,/mnt/pangea/Music/Raffaella Carrà/Mi spendo tutto/01 - Pedro.mp3,,
Raffaella Carrà - Tuca tuca.mp3,158.4,filed,artist+title,Raffaella Carrà,Tuca tuca,Raffaella Carrà,Raffaella Carrà,1971,011e98f0-4104-3aac-86dd-fccbe36e93b3,d27e6d68-4d44-44d8-82af-34f4e5fd1c51,/mnt/pangea/Music/Raffaella Carrà/Raffaella Carrà/01 - Tuca tuca.mp3,,
Raffaello & Alessio - Vieneme e piglia.mp3,239.3,inbox,,,,,,,,,/mnt/pangea/audio-downloads/Music/Raffaello & Alessio - Vieneme e piglia.mp3,,
Red Hot Chili Peppers - Around the world.mp3,238.8,filed,artist+title,Red Hot Chili Peppers,Around the World,Californication,Red Hot Chili Peppers,1999,ca5dfcc3-83fb-3eee-9061-c27296b77b2c,3eb0b384-30bc-46a4-a9f0-3b13a98a914c,/mnt/pangea/Music/Red Hot Chili Peppers/Californication/01 - Around the World.mp3,,
Red Hot Chili Peppers - By the way.mp3,215.8,filed,artist+title,Red Hot Chili Peppers,By the Way,By the Way,Red Hot Chili Peppers,2002,bbf6eaa8-1340-35c8-9599-34056896ebab,fe2dc24f-b808-4833-97b9-371d9719819a,/mnt/pangea/Music/Red Hot Chili Peppers/By the Way/1-01 - By the Way.mp3,,
Red Hot Chili Peppers - Can`t stop.mp3,267.9,filed,artist+title,Red Hot Chili Peppers,Can’t Stop,By the Way,Red Hot Chili Peppers,2002,bbf6eaa8-1340-35c8-9599-34056896ebab,fe2dc24f-b808-4833-97b9-371d9719819a,/mnt/pangea/Music/Red Hot Chili Peppers/By the Way/1-07 - Can’t Stop.mp3,,
Red Hot Chili Peppers - Dani California.mp3,280.1,filed,artist+title,Red Hot Chili Peppers,Dani California,Stadium Arcadium,Red Hot Chili Peppers,2006,19181d75-deda-366e-ace5-622293be9ef0,5ab385a3-3a42-4de7-aec9-629aecf4aa30,/mnt/pangea/Music/Red Hot Chili Peppers/Stadium Arcadium/1-01 - Dani California.mp3,,
Red Hot Chili Peppers - Give it away.mp3,281.4,filed,artist+title,Red Hot Chili Peppers,Give It Away,Blood Sugar Sex Magik,Red Hot Chili Peppers,1991,68bee70d-b425-3813-aca7-dd7b912c3d11,6339087e-3d7f-4448-b778-2be1fc016b89,/mnt/pangea/Music/Red Hot Chili Peppers/Blood Sugar Sex Magik/09 - Give It Away.mp3,,
Red Hot Chili Peppers - Otherside.mp3,256.5,filed,artist+title,Red Hot Chili Peppers,Otherside,Californication,Red Hot Chili Peppers,1999,ca5dfcc3-83fb-3eee-9061-c27296b77b2c,3eb0b384-30bc-46a4-a9f0-3b13a98a914c,/mnt/pangea/Music/Red Hot Chili Peppers/Californication/04 - Otherside.mp3,,
Red Hot Chili Peppers - Snow.mp3,334.6,filed,artist+title,Red Hot Chili Peppers,Snow ((Hey Oh)),Stadium Arcadium,Red Hot Chili Peppers,2006,19181d75-deda-366e-ace5-622293be9ef0,5ab385a3-3a42-4de7-aec9-629aecf4aa30,/mnt/pangea/Music/Red Hot Chili Peppers/Stadium Arcadium/1-02 - Snow ((Hey Oh)).mp3,,
Red Hot Chili Peppers - Tell me baby.mp3,247.8,filed,artist+title,Red Hot Chili Peppers,Tell Me Baby,Stadium Arcadium,Red Hot Chili Peppers,2006,19181d75-deda-366e-ace5-622293be9ef0,5ab385a3-3a42-4de7-aec9-629aecf4aa30,/mnt/pangea/Music/Red Hot Chili Peppers/Stadium Arcadium/2-02 - Tell Me Baby.mp3,,
Red Hot Chili Peppers - Under the bridge.mp3,261.8,filed,artist+title,Red Hot Chili Peppers,Under the Bridge,Blood Sugar Sex Magik,Red Hot Chili Peppers,1991,68bee70d-b425-3813-aca7-dd7b912c3d11,6339087e-3d7f-4448-b778-2be1fc016b89,/mnt/pangea/Music/Red Hot Chili Peppers/Blood Sugar Sex Magik/11 - Under the Bridge.mp3,,
Remy Zero - Smallville.mp3,263.8,filed,artist only,Remy Zero,Save Me (album version),Save Me,Remy Zero,2002,53ad329e-d6f0-3cfa-ae29-2e7c2faad1b8,89025352-3003-4629-991a-12ea147a29b8,/mnt/pangea/Music/Remy Zero/Save Me/02 - Save Me (album version).mp3,,
Renato Zero & Mina - Anche un uomo.mp3,288.9,inbox,,,,,,,,,/mnt/pangea/audio-downloads/Music/Renato Zero & Mina - Anche un uomo.mp3,,
Renato Zero - Ciao Stefania.mp3,169.9,filed,artist+title,Renato Zero,Ciao Stefania,Artide / Antartide,Renato Zero,1981,3ce852c7-fbf5-332d-bcc0-03eb698d074e,2022dc32-c860-427b-9465-05078a7e45eb,/mnt/pangea/Music/Renato Zero/Artide _ Antartide/1-05 - Ciao Stefania.mp3,,
Renato Zero - I migliori anni della nostra vita.mp3,267.7,filed,artist+title,Renato Zero,I migliori anni della nostra vita,Sulle tracce dell'imperfetto,Renato Zero,1995,03c12fb3-fbc5-3b59-947a-b9377783d191,bcd20611-add6-4804-a33e-b3f9c15821b8,/mnt/pangea/Music/Renato Zero/Sulle tracce dell'imperfetto/08 - I migliori anni della nostra vita.mp3,,
Renato Zero - Mi vendo.mp3,259.7,filed,artist+title,Renato Zero,Mi vendo,Zerofobia,Renato Zero,1977,47ad479c-13bd-3586-a0ab-52174b60f978,e78a0402-8c51-4f93-bb5a-12bc4f27fe47,/mnt/pangea/Music/Renato Zero/Zerofobia/01 - Mi vendo.mp3,,
Renato Zero - Spiagge.mp3,260.0,filed,artist+title,Renato Zero,Spiagge,Alt in Tour,Renato Zero,2018,f379cb6f-f41f-4c2c-a5d0-7e6e5a637d64,4c115f46-0f19-4886-9456-7bb5a1f46d70,/mnt/pangea/Music/Renato Zero/Alt in Tour/12 - Spiagge.mp3,,
Renato Zero - Vecchio.mp3,284.0,inbox,,,,,,,,,/mnt/pangea/audio-downloads/Music/Renato Zero - Vecchio.mp3,,
Renzo Arbore - Ma la notte no.mp3,331.8,inbox,,,,,,,,,/mnt/pangea/audio-downloads/Music/Renzo Arbore - Ma la notte no.mp3,,
Rete 3 - Alpini - Pota pota pota.mp3,94.2,inbox,,,,,,,,,/mnt/pangea/audio-downloads/Music/Rete 3 - Alpini - Pota pota pota.mp3,,
Rhapsody - Trolls in the dark.mp3,152.3,inbox,,,,,,,,,/mnt/pangea/audio-downloads/Music/Rhapsody - Trolls in the dark.mp3,,
Riccardo Cocciante & Mina - Questione di feeling.mp3,280.5,filed,artist+title,Riccardo Cocciante feat. Mina,Questione di feeling,Il mare dei papaveri,Riccardo Cocciante,1985,46d76f5f-d6e3-38a7-99ac-6628c8ee9ca8,e7c38b89-e390-4aca-b557-2562ca86b381,/mnt/pangea/Music/Riccardo Cocciante/Il mare dei papaveri/05 - Questione di feeling.mp3,,
Riccardo Cocciante - Bella senz'anima.mp3,258.3,inbox,,,,,,,,,/mnt/pangea/audio-downloads/Music/Riccardo Cocciante - Bella senz'anima.mp3,,
Riccardo Cocciante - Margherita.mp3,272.6,filed,artist+title,Riccardo Cocciante,Margherita,Concerto per Margherita,Riccardo Cocciante,1976,591c663c-b834-34ab-b819-f6d395da5d61,643e56d1-d6f7-4461-b830-a56e46e4998a,/mnt/pangea/Music/Riccardo Cocciante/Concerto per Margherita/02 - Margherita.mp3,,
Riccardo Cocciante - Per un amico in più.mp3,214.3,filed,artist only,Riccardo Cocciante,Un nuovo amico,Cocciante,Riccardo Cocciante,1982,eb6695dd-ead5-3a5c-8869-9a0322d48838,cdcd2af2-a4f7-32e1-bc8e-6c271891b968,/mnt/pangea/Music/Riccardo Cocciante/Cocciante/03 - Un nuovo amico.mp3,,
Riccardo Cocciante - Quando finisce un amore.mp3,251.9,inbox,,,,,,,,,/mnt/pangea/audio-downloads/Music/Riccardo Cocciante - Quando finisce un amore.mp3,,
Riccardo Cocciante - Se stiamo insieme ok.mp3,278.5,inbox,,,,,,,,,/mnt/pangea/audio-downloads/Music/Riccardo Cocciante - Se stiamo insieme ok.mp3,,
Riccardo Cocciante - Sincerità.mp3,206.5,filed,artist+title,Riccardo Cocciante,Sincerità,Sincerità,Riccardo Cocciante,1983,9ceb7ea9-fd2d-3fc4-bdb0-dd09e28c2069,df5f1484-ab36-439a-9f93-48b60973b11b,/mnt/pangea/Music/Riccardo Cocciante/Sincerità/01 - Sincerità.mp3,,
Richard Sanderson - Reality.mp3,287.6,filed,artist+title,Richard Sanderson,Reality,Reality,Richard Sanderson,1981,1290061e-ff7c-4045-af27-fa97bf902963,09136efb-dc6f-4e14-988b-5d9347718d67,/mnt/pangea/Music/Richard Sanderson/Reality/01 - Reality.mp3,,
Ricky Martin & Christina Aguilera - Nobody wants to be lonely.mp3,251.7,inbox,,,,,,,,,/mnt/pangea/audio-downloads/Music/Ricky Martin & Christina Aguilera - Nobody wants to be lonely.mp3,,
Ricky Martin & Christina Aguilera - Solo quiero amarte.mp3,245.0,filed,artist+title,Ricky Martin,Solo quiero amarte (Nobody Wants to Be Lonely) (radio edit),Nobody Wants to Be Lonely,Ricky Martin & Christina Aguilera,2001,972c9da2-3a5c-3220-b15e-37f9b0d50d7d,38eab5ed-186c-422f-b98d-a1d935b2968e,/mnt/pangea/Music/Ricky Martin & Christina Aguilera/Nobody Wants to Be Lonely/02 - Solo quiero amarte (Nobody Wants to Be Lonely) (radio edit).mp3,,
Ricky Martin - I don't care.mp3,229.0,filed,artist+title,Ricky Martin feat. Fat Joe & Amerie,I Don’t Care,Life,Ricky Martin,2005,bfc37b39-525d-3f71-a684-2a7f5f43c3da,e4dd6fa2-585c-4720-8218-7f7037b46d9c,/mnt/pangea/Music/Ricky Martin/Life/03 - I Don’t Care.mp3,,
Ricky Martin - Jaleo.mp3,203.3,inbox,,,,,,,,,/mnt/pangea/audio-downloads/Music/Ricky Martin - Jaleo.mp3,,
Ricky Martin - La bomba.mp3,276.8,filed,artist+title,Ricky Martin,La bomba,Vuelve,Ricky Martin,1998,25bfe2c6-4e03-3587-9c37-b895500c5dd7,d497fcb9-6a2f-4548-9365-4141bbe80f72,/mnt/pangea/Music/Ricky Martin/Vuelve/06 - La bomba.mp3,,
Ricky Martin - Livin la vida loca.mp3,243.2,inbox,,,,,,,,,/mnt/pangea/audio-downloads/Music/Ricky Martin - Livin la vida loca.mp3,,
Ricky Martin - Loaded.mp3,233.2,filed,artist+title,Ricky Martin,Loaded,Sound Loaded,Ricky Martin,2000,aa49aad0-9bd1-3ff3-a36e-98b5699d8bac,c8ea9a74-c36c-4b0f-93f1-f8e078cb3bc0,/mnt/pangea/Music/Ricky Martin/Sound Loaded/04 - Loaded.mp3,,
Ricky Martin - Que mas da.mp3,230.0,filed,artist+title,Ricky Martin feat. Fat Joe,Qué más da (I Don't Care),I Don't Care,Ricky Martin,2005,ddbcba24-b5b0-40b3-8d0f-2a952ab91892,60486d70-4b5a-4d45-89e8-fa99d5b56e83,/mnt/pangea/Music/Ricky Martin/I Don't Care/02 - Qué más da (I Don't Care).mp3,,
Ricky Martin - She bangs.mp3,241.6,inbox,,,,,,,,,/mnt/pangea/audio-downloads/Music/Ricky Martin - She bangs.mp3,,
Rihanna & Kanye West & Paul Mccartney - FourFiveSeconds.mp3,188.3,inbox,,,,,,,,,/mnt/pangea/audio-downloads/Music/Rihanna & Kanye West & Paul Mccartney - FourFiveSeconds.mp3,,
Rihanna & Mikki Ekko - Stay.mp3,247.5,filed,artist+title,Rihanna feat. Mikky Ekko,Stay,Unapologetic,Rihanna,2012,1ab3ba95-bc96-46f4-bc6d-1e57bc6ad1a0,3d5358b7-a690-41e9-a176-94e2920271b0,/mnt/pangea/Music/Rihanna/Unapologetic/09 - Stay.mp3,,
Rihanna - California King Bed.mp3,251.6,filed,artist+title,Rihanna,California King Bed,Loud (Deluxe Edition),Rihanna,2010,7c6de97d-bf6a-4793-82f5-f142baed33e6,0d3a3aa5-abd9-42ce-9843-2bb400b39f4e,/mnt/pangea/Music/Rihanna/Loud (Deluxe Edition)/06 - California King Bed.mp3,,
Rihanna - Diamonds.mp3,223.2,filed,artist+title,Rihanna,Diamonds,Unapologetic,Rihanna,2012,1ab3ba95-bc96-46f4-bc6d-1e57bc6ad1a0,3d5358b7-a690-41e9-a176-94e2920271b0,/mnt/pangea/Music/Rihanna/Unapologetic/02 - Diamonds.mp3,,
Rihanna - Only Girl.mp3,235.5,inbox,,,,,,,,,/mnt/pangea/audio-downloads/Music/Rihanna - Only Girl.mp3,,
Rihanna - Russian Roulette.mp3,230.9,filed,artist+title,Rihanna,Russian Roulette,Rated R,Rihanna,2009,06fda337-5c4b-42e0-a96c-a349c786965f,d8fb2b6a-b2fe-4535-94ec-14b826823294,/mnt/pangea/Music/Rihanna/Rated R/06 - Russian Roulette.mp3,,
Rihanna - Unfaithful.mp3,228.5,inbox,,,,,,,,,/mnt/pangea/audio-downloads/Music/Rihanna - Unfaithful.mp3,,
Rob Zombie - Demon speeding.mp3,224.0,filed,artist+title,Rob Zombie,Demon Speeding,The Sinister Urge,Rob Zombie,2001,bc154099-bbd3-3abf-8053-8d2b471b39ce,23290cda-8b53-4aab-968e-6bcc01f4a4de,/mnt/pangea/Music/Rob Zombie/The Sinister Urge/02 - Demon Speeding.mp3,,
Rob Zombie - Devil man.mp3,217.8,inbox,,,,,,,,,/mnt/pangea/audio-downloads/Music/Rob Zombie - Devil man.mp3,,
Rob Zombie - Dragula.mp3,222.9,filed,artist+title,Rob Zombie,Dragula,Hellbilly Deluxe,Rob Zombie,1998,7c02bfdf-8d3a-3cd6-aac2-93a19cc614f4,fa56a30f-13f0-4668-8dab-76db2261ba28,/mnt/pangea/Music/Rob Zombie/Hellbilly Deluxe/03 - Dragula.mp3,,
Rob Zombie - Feel so numb.mp3,218.0,filed,artist+title,Rob Zombie,Feel So Numb,The Sinister Urge,Rob Zombie,2001,bc154099-bbd3-3abf-8053-8d2b471b39ce,fde64c4f-689c-46ef-8915-050959bbd5af,/mnt/pangea/Music/Rob Zombie/The Sinister Urge/07 - Feel So Numb.mp3,,
Rob Zombie - Living dead girl.mp3,200.9,filed,artist+title,Rob Zombie,Living Dead Girl,Hellbilly Deluxe,Rob Zombie,1998,7c02bfdf-8d3a-3cd6-aac2-93a19cc614f4,fa56a30f-13f0-4668-8dab-76db2261ba28,/mnt/pangea/Music/Rob Zombie/Hellbilly Deluxe/04 - Living Dead Girl.mp3,,
Rob Zombie - Never gonna stop.mp3,189.4,filed,artist+title,Rob Zombie,"Never Gonna Stop (The Red, Red Kroovy)",The Sinister Urge,Rob Zombie,2001,bc154099-bbd3-3abf-8053-8d2b471b39ce,23290cda-8b53-4aab-968e-6bcc01f4a4de,"/mnt/pangea/Music/Rob Zombie/The Sinister Urge/04 - Never Gonna Stop (The Red, Red Kroovy).mp3",,
Rob Zombie - Twisted metal.mp3,193.0,inbox,,,,,,,,,/mnt/pangea/audio-downloads/Music/Rob Zombie - Twisted metal.mp3,,
Robbie Williams - A knights tale.mp3,234.5,inbox,,,,,,,,,/mnt/pangea/audio-downloads/Music/Robbie Williams - A knights tale.mp3,,
Robbie Williams - Candy.mp3,201.1,filed,artist+title,Robbie Williams,Candy,Take the Crown,Robbie Williams,2012,53ea6f5a-8f2b-4ea8-9244-b2ca2172a3e9,844b4d29-9ee1-4f17-b922-c2b08cb30255,/mnt/pangea/Music/Robbie Williams/Take the Crown/1-03 - Candy.mp3,,
Robbie Williams - Eternity.mp3,298.2,filed,artist+title,Robbie Williams,Eternity,Eternity / The Road To Mandalay,Robbie Williams,2001,d7b3b961-41eb-3ac8-b2f5-3b5f89999a08,0666afca-0620-4070-8587-67ea85c42f7a,/mnt/pangea/Music/Robbie Williams/Eternity _ The Road To Mandalay/01 - Eternity.mp3,,
Robbie Williams - Feel.mp3,261.6,filed,artist+title,Robbie Williams,Feel,Escapology,Robbie Williams,2002,190374ef-a254-32d0-a6dd-9821beac79cf,4627f781-02da-4b73-9a4d-05dc6fcd2594,/mnt/pangea/Music/Robbie Williams/Escapology/02 - Feel.mp3,,
Robbie Williams - Rock dj.mp3,259.0,inbox,,,,,,,,,/mnt/pangea/audio-downloads/Music/Robbie Williams - Rock dj.mp3,,
Robbie Williams - Rudebox.mp3,226.8,filed,artist+title,Robbie Williams,Rudebox (radio edit),Rudebox,Robbie Williams,2006,b3a6d9ef-e10b-3c47-9c6d-979e3bb06b7c,67cc1c12-9092-4924-9f54-acd510201a79,/mnt/pangea/Music/Robbie Williams/Rudebox/01 - Rudebox (radio edit).mp3,,
Robbie Williams - She's the one.mp3,258.1,filed,artist+title,Robbie Williams,She’s the One,I’ve Been Expecting You,Robbie Williams,1998,aed74baa-cf1b-315a-be36-05c2bcd02f31,ee60c865-28c2-440e-935c-5c5d211f20a4,/mnt/pangea/Music/Robbie Williams/I’ve Been Expecting You/09 - She’s the One.mp3,,
Robbie Williams - Tripping.mp3,247.8,inbox,,,,,,,,,/mnt/pangea/audio-downloads/Music/Robbie Williams - Tripping.mp3,,
Robert Post - Got none.mp3,229.0,inbox,,,,,,,,,/mnt/pangea/audio-downloads/Music/Robert Post - Got none.mp3,,
Robin Thicke & T.I. - Blurred Lines.mp3,271.9,inbox,,,,,,,,,/mnt/pangea/audio-downloads/Music/Robin Thicke & T.I. - Blurred Lines.mp3,,
Rocco - I don't know.mp3,312.8,filed,artist+title,Rocco,I Don’t Know (club mix),Traveller EP,Rocco,2005,4d86371a-2153-3673-9b30-97f777f01d1d,f19fcf31-be00-4b67-96c7-d0af612d906c,/mnt/pangea/Music/Rocco/Traveller EP/06 - I Don’t Know (club mix).mp3,,
Rocket me - Nowhere - Emma Watson.mp3,143.6,inbox,,,,,,,,,/mnt/pangea/audio-downloads/Music/Rocket me - Nowhere - Emma Watson.mp3,,
Rocky - Eye of the tiger.mp3,243.9,inbox,,,,,,,,,/mnt/pangea/audio-downloads/Music/Rocky - Eye of the tiger.mp3,,
Rod Steward - Da Ya Think I'm Sexy.mp3,334.6,inbox,,,,,,,,,/mnt/pangea/audio-downloads/Music/Rod Steward - Da Ya Think I'm Sexy.mp3,,
Roman Flugel vs. Masters at Work - Get's noch.mp3,266.0,inbox,,,,,,,,,/mnt/pangea/audio-downloads/Music/Roman Flugel vs. Masters at Work - Get's noch.mp3,,
Ron Pope - A Drop In The Ocean.mp3,218.2,filed,artist+title,Ron Pope,A Drop In the Ocean,Last Call,Ron Pope,2007,8f225a2f-9fe3-49ca-90d4-c9c6f771358c,caaeb2b4-f44d-4fbc-ae72-247228cdbf75,/mnt/pangea/Music/Ron Pope/Last Call/11 - A Drop In the Ocean.mp3,,
Ronan Keating - If Tomorrow Never Comes.mp3,215.9,filed,artist+title,Ronan Keating,If Tomorrow Never Comes,Destination,Ronan Keating,2002,90597ea1-53ca-3282-a5f4-f2da8e3a7c6f,d1a6c7bc-6ca9-4fa4-b82d-69a7594f2127,/mnt/pangea/Music/Ronan Keating/Destination/2-03 - If Tomorrow Never Comes.mp3,,
Roxette - It Must Have Been Love.mp3,261.4,inbox,,,,,,,,,/mnt/pangea/audio-downloads/Music/Roxette - It Must Have Been Love.mp3,,
Sam Smith - I'm Not The Only One.mp3,279.8,inbox,,,,,,,,,/mnt/pangea/audio-downloads/Music/Sam Smith - I'm Not The Only One.mp3,,
Sam Smith - Stay With Me.mp3,172.1,inbox,,,,,,,,,/mnt/pangea/audio-downloads/Music/Sam Smith - Stay With Me.mp3,,
San Francisco - Musica house.mp3,549.3,inbox,,,,,,,,,/mnt/pangea/audio-downloads/Music/San Francisco - Musica house.mp3,,
Sandro Bit - Euphoria.mp3,300.2,filed,artist+title,Sandro Bit,Euphoria (Sandro Bit extended mix),Euphoria,Sandro Bit,2004,970921e8-5d0d-45b5-908f-b7f5cf99d492,83b7c0fb-d553-457c-ab7c-b4a5abe2c71a,/mnt/pangea/Music/Sandro Bit/Euphoria/02 - Euphoria (Sandro Bit extended mix).mp3,,
Sarah Jaffe - Clementine.mp3,299.0,filed,artist+title,Sarah Jaffe,Clementine (alternate version),The Way Sound Leaves a Room,Sarah Jaffe,2011,01de71f0-c9f4-424c-985a-024a279d126c,af0ddee6-bc8e-418b-a05c-2b87e8c4579b,/mnt/pangea/Music/Sarah Jaffe/The Way Sound Leaves a Room/1-03 - Clementine (alternate version).mp3,,
Scissor Sisters - I don't feel like dancing.mp3,275.3,inbox,,,,,,,,,/mnt/pangea/audio-downloads/Music/Scissor Sisters - I don't feel like dancing.mp3,,
Scugnizzi - Sal da Vinci - Chiàmmam.MP3,188.2,inbox,,,,,,,,,/mnt/pangea/audio-downloads/Music/Scugnizzi - Sal da Vinci - Chiàmmam.MP3,,
Scugnizzi - Sal da Vinci - La rumba degli scugnizzi.mp3,125.6,inbox,,,,,,,,,/mnt/pangea/audio-downloads/Music/Scugnizzi - Sal da Vinci - La rumba degli scugnizzi.mp3,,
Scugnizzi - Sal da Vinci - Magnifica gente.mp3,263.9,inbox,,,,,,,,,/mnt/pangea/audio-downloads/Music/Scugnizzi - Sal da Vinci - Magnifica gente.mp3,,
Scugnizzi - Sal da Vinci - Niente niente.mp3,162.7,inbox,,,,,,,,,/mnt/pangea/audio-downloads/Music/Scugnizzi - Sal da Vinci - Niente niente.mp3,,
Scugnizzi - Sal da Vinci - O'russo.mp3,77.3,inbox,,,,,,,,,/mnt/pangea/audio-downloads/Music/Scugnizzi - Sal da Vinci - O'russo.mp3,,
Scugnizzi - Sal da Vinci - Parlann parlann.mp3,213.1,inbox,,,,,,,,,/mnt/pangea/audio-downloads/Music/Scugnizzi - Sal da Vinci - Parlann parlann.mp3,,
Scugnizzi - Sal da Vinci - Statev accort.mp3,196.7,inbox,,,,,,,,,/mnt/pangea/audio-downloads/Music/Scugnizzi - Sal da Vinci - Statev accort.mp3,,
Scugnizzi - Sal da vinci - A citta' 'e Purrecenella.mp3,216.9,inbox,,,,,,,,,/mnt/pangea/audio-downloads/Music/Scugnizzi - Sal da vinci - A citta' 'e Purrecenella.mp3,,
Sean Paul & Sasha - I'm still in love.mp3,278.9,inbox,,,,,,,,,/mnt/pangea/audio-downloads/Music/Sean Paul & Sasha - I'm still in love.mp3,,
Serj Tankian - Harakiri.mp3,259.5,filed,artist+title,Serj Tankian,Harakiri,Harakiri,Serj Tankian,2012,bd14beb2-afe2-4708-b028-0f0257e5a32c,1d7d74f6-0053-4d5f-a48e-183ba418269f,/mnt/pangea/Music/Serj Tankian/Harakiri/05 - Harakiri.mp3,,
Serj Tankian - Sky Is Over.mp3,179.2,filed,artist+title,Serj Tankian,Sky Is Over,Elect the Dead,Serj Tankian,2007,34e0ffb4-41b1-3aaf-b0cb-8cf2eeb29eb9,ac61bb1b-ca4c-4849-846a-888fbdb0107d,/mnt/pangea/Music/Serj Tankian/Elect the Dead/06 - Sky Is Over.mp3,,
Shakira & Alejandro - La tortura.mp3,213.0,inbox,,,,,,,,,/mnt/pangea/audio-downloads/Music/Shakira & Alejandro - La tortura.mp3,,
Shakira & Carlos Santana - Illegal.mp3,234.5,filed,artist+title,Shakira featuring Carlos Santana,Illegal,Oral Fixation Vol. 2,Shakira,2005,daa154b8-34e9-350d-9e1a-e8626f946804,0e130196-c6b0-4abd-af2c-0b9a9b985422,/mnt/pangea/Music/Shakira/Oral Fixation Vol. 2/03 - Illegal.mp3,,
Shakira & Wyclef Jean - Hips don't lie.MP3,219.7,inbox,,,,,,,,,/mnt/pangea/audio-downloads/Music/Shakira & Wyclef Jean - Hips don't lie.MP3,,
Shakira &Rihanna - Can't Remember To Forget You.mp3,207.6,filed,title only,Shakira feat. Rihanna,Can’t Remember to Forget You,Shakira.,Shakira,2014,5dc8a71a-0343-480e-92f0-451b440ad6df,cbc3ef4b-2dfd-406b-a806-3e5f04302097,/mnt/pangea/Music/Shakira/Shakira/01 - Can’t Remember to Forget You.mp3,,
Shakira - Don't bother.mp3,259.5,filed,artist+title,Shakira,Don’t Bother,Oral Fixation Vol. 2,Shakira,2005,daa154b8-34e9-350d-9e1a-e8626f946804,0e130196-c6b0-4abd-af2c-0b9a9b985422,/mnt/pangea/Music/Shakira/Oral Fixation Vol. 2/02 - Don’t Bother.mp3,,
Shakira - Estoy aqui.mp3,235.3,inbox,,,,,,,,,/mnt/pangea/audio-downloads/Music/Shakira - Estoy aqui.mp3,,
Shakira - No.mp3,285.0,filed,artist+title,Shakira feat. Gustavo Cerati,No,"Fijación oral, vol. 1",Shakira,2005,7e66c980-29da-3290-ac9f-75c2d4aa98ec,bcaa4a76-d350-4e13-9c47-d59ee7bcfbec,"/mnt/pangea/Music/Shakira/Fijación oral, vol. 1/07 - No.mp3",,
Shakira - Suerte.mp3,191.8,filed,artist+title,Shakira,"Suerte (Whenever, Wherever)",Servicio de lavandería,Shakira,2001,2dbd0eff-17ce-34da-83f1-c707a199bc1e,eec68065-3412-4a1e-a48f-2c515d1c3af0,"/mnt/pangea/Music/Shakira/Servicio de lavandería/01 - Suerte (Whenever, Wherever).mp3",,
Shakira - Whenever Wherever.mp3,195.6,filed,artist+title,Shakira,"Whenever, Wherever",Servicio de lavandería,Shakira,2001,2dbd0eff-17ce-34da-83f1-c707a199bc1e,eec68065-3412-4a1e-a48f-2c515d1c3af0,"/mnt/pangea/Music/Shakira/Servicio de lavandería/12 - Whenever, Wherever.mp3",,
Shollis Dj - Green motion.mp3,332.2,inbox,,,,,,,,,/mnt/pangea/audio-downloads/Music/Shollis Dj - Green motion.mp3,,
Shollis Dj - It's da klubbsound.mp3,267.5,inbox,,,,,,,,,/mnt/pangea/audio-downloads/Music/Shollis Dj - It's da klubbsound.mp3,,
Shollis Dj - Just flinger.mp3,288.4,inbox,,,,,,,,,/mnt/pangea/audio-downloads/Music/Shollis Dj - Just flinger.mp3,,
Shollis Dj - Spelltround's.mp3,302.8,inbox,,,,,,,,,/mnt/pangea/audio-downloads/Music/Shollis Dj - Spelltround's.mp3,,
Shollis Dj - Turn up the party!.mp3,293.2,inbox,,,,,,,,,/mnt/pangea/audio-downloads/Music/Shollis Dj - Turn up the party!.mp3,,
Shontelle - Impossible.mp3,224.2,filed,artist+title,Shontelle,Impossible,No Gravity,Shontelle,2010,ce264234-5d71-47bd-a31e-88572c429eae,b907fa39-2214-451a-a7bd-aa18cffe5713,/mnt/pangea/Music/Shontelle/No Gravity/02 - Impossible.mp3,,
Sigla Trezene 2006.mp3,194.6,inbox,,,,,,,,,/mnt/pangea/audio-downloads/Music/Sigla Trezene 2006.mp3,,
Silencer & Zycro - Check it out.mp3,247.3,inbox,,,,,,,,,/mnt/pangea/audio-downloads/Music/Silencer & Zycro - Check it out.mp3,,
Silvertear - So deep.mp3,390.0,inbox,,,,,,,,,/mnt/pangea/audio-downloads/Music/Silvertear - So deep.mp3,,
Simon & Garfunkel - The Sound Of Silence.mp3,187.0,filed,artist+title,Simon & Garfunkel,The Sound of Silence,"Wednesday Morning, 3 A.M.",Simon & Garfunkel,1964,6c21abaf-2962-3037-836f-842431587949,26083a7d-0180-4d25-9ebb-3a20c4177f7f,"/mnt/pangea/Music/Simon & Garfunkel/Wednesday Morning, 3 A.M/06 - The Sound of Silence.mp3",,
Simon - Dreams.mp3,205.7,inbox,,,,,,,,,/mnt/pangea/audio-downloads/Music/Simon - Dreams.mp3,,
Simone Cristicchi - Ombrelloni.mp3,157.3,filed,artist+title,Simone Cristicchi,Ombrelloni,Fabbricante di canzoni,Simone Cristicchi,2005,5a4437dd-4646-3703-b890-56393b045a1d,9bd8c082-7a59-4bb2-9379-5d036260b1a5,/mnt/pangea/Music/Simone Cristicchi/Fabbricante di canzoni/08 - Ombrelloni.mp3,,
Simone Cristicchi - Studentessa universitaria.mp3,232.4,inbox,,,,,,,,,/mnt/pangea/audio-downloads/Music/Simone Cristicchi - Studentessa universitaria.mp3,,
Simone Cristicchi - Vorrei cantare come Biagio Antonacci.mp3,185.8,inbox,,,,,,,,,/mnt/pangea/audio-downloads/Music/Simone Cristicchi - Vorrei cantare come Biagio Antonacci.mp3,,
Simply Red - Perfect love.mp3,193.0,filed,artist+title,Simply Red,Perfect Love,Simplified,Simply Red,2005,03c10e56-296b-4ca0-a672-ed6b1c74128f,496dcc90-1667-49b9-a28d-a46bfbf3c228,/mnt/pangea/Music/Simply Red/Simplified/01 - Perfect Love.mp3,,
"Snoop Dogg & Wiz Khalifa - Young, Wild & Free.mp3",190.7,inbox,,,,,,,,,"/mnt/pangea/audio-downloads/Music/Snoop Dogg & Wiz Khalifa - Young, Wild & Free.mp3",,
Snow - Informer 2005.mp3,442.7,inbox,,,,,,,,,/mnt/pangea/audio-downloads/Music/Snow - Informer 2005.mp3,,
Spice Girls - Do it.mp3,244.0,filed,artist+title,Spice Girls,Do It,Spiceworld,Spice Girls,1997,381688eb-8a4e-3230-8819-dc11d437bb60,c74e9e9a-4719-4825-9e4a-37b4ed1993ba,/mnt/pangea/Music/Spice Girls/Spiceworld/07 - Do It.mp3,,
Spice Girls - Good bye.mp3,261.7,inbox,,,,,,,,,/mnt/pangea/audio-downloads/Music/Spice Girls - Good bye.mp3,,
Spice Girls - If you wanna be my lover.mp3,175.0,inbox,,,,,,,,,/mnt/pangea/audio-downloads/Music/Spice Girls - If you wanna be my lover.mp3,,
Spice Girls - Mama.mp3,304.2,filed,artist+title,Spice Girls,Mama,Spice,Spice Girls,1996,4180845c-8700-3fda-af8f-0b9f3a932009,5bd6d0ac-eab2-4350-988f-3347ae119a83,/mnt/pangea/Music/Spice Girls/Spice/06 - Mama.mp3,,
Spice Girls - Say you'll be there.MP3,238.1,filed,artist+title,Spice Girls,Say You'll Be There,Spice,Spice Girls,1996,4180845c-8700-3fda-af8f-0b9f3a932009,5bd6d0ac-eab2-4350-988f-3347ae119a83,/mnt/pangea/Music/Spice Girls/Spice/02 - Say You'll Be There.mp3,,
Spice Girls - Space jam.mp3,307.1,inbox,,,,,,,,,/mnt/pangea/audio-downloads/Music/Spice Girls - Space jam.mp3,,
Spice Girls - Spice up your life.mp3,174.0,filed,artist+title,Spice Girls,Spice Up Your Life,Spiceworld,Spice Girls,1997,381688eb-8a4e-3230-8819-dc11d437bb60,c74e9e9a-4719-4825-9e4a-37b4ed1993ba,/mnt/pangea/Music/Spice Girls/Spiceworld/01 - Spice Up Your Life.mp3,,
Spice Girls - Viva forever.mp3,309.1,filed,artist+title,Spice Girls,Viva Forever,Spiceworld,Spice Girls,1997,381688eb-8a4e-3230-8819-dc11d437bb60,c74e9e9a-4719-4825-9e4a-37b4ed1993ba,/mnt/pangea/Music/Spice Girls/Spiceworld/09 - Viva Forever.mp3,,
Spice Girls - When 2 become 1.mp3,241.1,inbox,,,,,,,,,/mnt/pangea/audio-downloads/Music/Spice Girls - When 2 become 1.mp3,,
Spice girls - Stop.mp3,204.8,filed,artist+title,Spice Girls,Stop,Spiceworld,Spice Girls,1997,381688eb-8a4e-3230-8819-dc11d437bb60,c74e9e9a-4719-4825-9e4a-37b4ed1993ba,/mnt/pangea/Music/Spice Girls/Spiceworld/02 - Stop.mp3,,
Squallor - 'O tiemp se ne va.mp3,225.7,filed,artist+title,Squallor,'o tiempo se ne va,Arrapaho,Squallor,1983,0be7d6e0-ea5f-388d-879b-497412db8eb9,cb99d085-7202-466d-b0bb-27c6dac1495f,/mnt/pangea/Music/Squallor/Arrapaho/07 - 'o tiempo se ne va.mp3,,
Squallor - Arrapaho.mp3,265.1,filed,artist+title,Squallor,Arrapaho,Arrapaho,Squallor,1983,0be7d6e0-ea5f-388d-879b-497412db8eb9,cb99d085-7202-466d-b0bb-27c6dac1495f,/mnt/pangea/Music/Squallor/Arrapaho/02 - Arrapaho.mp3,,
Squallor - Caffè lamazza.MP3,21.0,inbox,,,,,,,,,/mnt/pangea/audio-downloads/Music/Squallor - Caffè lamazza.MP3,,
Squallor - Cornutone.mp3,252.5,filed,artist+title,Squallor,Cornutone,Mutando,Squallor,1981,12b97629-5291-31d1-8e25-a7af2d336dcd,bb874d26-fe95-4739-b228-19b4057fe1f9,/mnt/pangea/Music/Squallor/Mutando/07 - Cornutone.mp3,,
Squallor - Pubblicità regresso - Berlusconi comunista.mp3,57.3,inbox,,,,,,,,,/mnt/pangea/audio-downloads/Music/Squallor - Pubblicità regresso - Berlusconi comunista.mp3,,
Squallor - Pubblicità regresso - Golia activ pus.mp3,56.1,inbox,,,,,,,,,/mnt/pangea/audio-downloads/Music/Squallor - Pubblicità regresso - Golia activ pus.mp3,,
Squallor - Pubblicità regresso - Rutto Fantozzi.mp3,19.0,inbox,,,,,,,,,/mnt/pangea/audio-downloads/Music/Squallor - Pubblicità regresso - Rutto Fantozzi.mp3,,
Squallor - Telefona a stu cazzo.mp3,216.1,filed,artist only,Squallor,Telefona...,Scoraggiando,Squallor,1982,e733756d-d883-3fda-8862-fb572d1b7e82,c9b5e946-388d-48dc-ac24-5e87930407df,/mnt/pangea/Music/Squallor/Scoraggiando/05 - Telefona.mp3,,
Squallor - Vacca.mp3,275.7,filed,artist+title,Squallor,Vacca,Vacca,Squallor,1977,7b5c84c3-4de7-3d9c-9aaf-8384d98a4912,09b79081-4f6e-431b-8d52-74032e722499,/mnt/pangea/Music/Squallor/Vacca/02 - Vacca.mp3,,
Squallor - Vafangul co chi vo' tu.mp3,219.8,inbox,,,,,,,,,/mnt/pangea/audio-downloads/Music/Squallor - Vafangul co chi vo' tu.mp3,,
Staccato - Move your body.mp3,393.7,inbox,,,,,,,,,/mnt/pangea/audio-downloads/Music/Staccato - Move your body.mp3,,
Stacy Francis - Purple Rain.mp3,229.3,inbox,,,,,,,,,/mnt/pangea/audio-downloads/Music/Stacy Francis - Purple Rain.mp3,,
Stefania Rotolo - Cocktail d'amore.mp3,221.4,inbox,,,,,,,,,/mnt/pangea/audio-downloads/Music/Stefania Rotolo - Cocktail d'amore.mp3,,
Stevie Wonder - Higher Ground.mp3,222.5,filed,artist+title,Stevie Wonder,Higher Ground,Innervisions,Stevie Wonder,1973,e626b377-74c5-3b97-8f16-8cef5e1c04ea,bea19458-a51d-4f08-8d9f-c303a58dbb8f,/mnt/pangea/Music/Stevie Wonder/Innervisions/05 - Higher Ground.mp3,,
Stevie Wonder - I Wish.mp3,271.7,inbox,,,,,,,,,/mnt/pangea/audio-downloads/Music/Stevie Wonder - I Wish.mp3,,
Sting - Shape Of My Heart.mp3,284.0,filed,artist+title,Sting,Shape of My Heart,Ten Summoner’s Tales,Sting,1993,57389a2d-1570-364f-a83c-a382d0f5aafc,d45728f5-0fc6-4c64-be1d-43f67c8c1b5c,/mnt/pangea/Music/Sting/Ten Summoner’s Tales/09 - Shape of My Heart.mp3,,
Studio 3 - Forse un angelo.mp3,211.0,filed,artist+title,Studio 3,Forse un angelo,Forse un angelo,Studio 3,2006,c8486e87-c1d8-3543-ae03-5ac8bc8a5725,93cc6626-6444-4698-aa46-ff0d1506154a,/mnt/pangea/Music/Studio 3/Forse un angelo/02 - Forse un angelo.mp3,,
Studio 3 - Solo te.mp3,207.5,filed,artist+title,Studio 3,Solo te,Forse un angelo,Studio 3,2006,c8486e87-c1d8-3543-ae03-5ac8bc8a5725,93cc6626-6444-4698-aa46-ff0d1506154a,/mnt/pangea/Music/Studio 3/Forse un angelo/01 - Solo te.mp3,,
Stylophonic - Baby beat box.mp3,194.5,inbox,,,,,,,,,/mnt/pangea/audio-downloads/Music/Stylophonic - Baby beat box.mp3,,
Stylophonic - Dancefloor.mp3,252.0,filed,artist+title,Stylophonic,Dancefloor,Beatbox Show,Stylophonic,2006,8d298fa5-2f13-3e96-bc30-ded366137e00,81ff5853-85f1-4289-b03c-75c707d10acf,/mnt/pangea/Music/Stylophonic/Beatbox Show/04 - Dancefloor.mp3,,
Sugababes - Push the botton.mp3,218.6,filed,artist+title,Sugababes,Push the Button,Taller In More Ways,Sugababes,2005,f0a8b3f2-596d-3de0-8ec7-8a32f34e2f09,f5b400c5-7f1c-4d46-a5d9-16c187264e6f,/mnt/pangea/Music/Sugababes/Taller In More Ways/01 - Push the Button.mp3,,
Sugarhill Gang - Apache.mp3,373.1,filed,artist+title,The Sugarhill Gang,Apache,8th Wonder,The Sugarhill Gang,1981,8f0e531b-b37e-3be6-b043-558f13f16bc6,5676ddbf-8f58-40cf-898e-8eb133f76c83,/mnt/pangea/Music/The Sugarhill Gang/8th Wonder/04 - Apache.mp3,,
Sum 41 & Ludacris - Get back.mp3,253.6,inbox,,,,,,,,,/mnt/pangea/audio-downloads/Music/Sum 41 & Ludacris - Get back.mp3,,
Sum 41 - Bso American pie 2.mp3,180.9,inbox,,,,,,,,,/mnt/pangea/audio-downloads/Music/Sum 41 - Bso American pie 2.mp3,,
Sum 41 - Fat lip.mp3,178.3,filed,artist+title,Sum 41,Fat Lip,All Killer No Filler,Sum 41,2001,dd2c168f-41a6-37f5-a727-6e188bf22c6e,3944abb0-dfb3-46b0-914c-a1117f568c7d,/mnt/pangea/Music/Sum 41/All Killer No Filler/04 - Fat Lip.mp3,,
Sum 41 - In to deep.mp3,207.1,filed,artist+title,Sum 41,In Too Deep,All Killer No Filler,Sum 41,2001,dd2c168f-41a6-37f5-a727-6e188bf22c6e,3944abb0-dfb3-46b0-914c-a1117f568c7d,/mnt/pangea/Music/Sum 41/All Killer No Filler/07 - In Too Deep.mp3,,
Sum 41 - Makes no difference.mp3,69.7,inbox,,,,,,,,,/mnt/pangea/audio-downloads/Music/Sum 41 - Makes no difference.mp3,,
Sum 41 - Motivation.mp3,170.0,filed,artist+title,Sum 41,Motivation,All Killer No Filler,Sum 41,2001,dd2c168f-41a6-37f5-a727-6e188bf22c6e,4ad70810-0d53-4059-98cf-a92778a018bc,/mnt/pangea/Music/Sum 41/All Killer No Filler/06 - Motivation.mp3,,
Sum 41 - Open your eyes.mp3,165.0,filed,artist+title,Sum 41,Open Your Eyes,Chuck,Sum 41,2004,c572a075-fdef-3bab-998b-44282fd573bb,62cb1412-369a-3645-a8df-248f461b6689,/mnt/pangea/Music/Sum 41/Chuck/07 - Open Your Eyes.mp3,,
Sum 41 - Over my head.mp3,149.8,filed,artist+title,Sum 41,Over My Head (Better Off Dead),Does This Look Infected?,Sum 41,2002,3ebc1782-e140-3a1a-971e-17826ddf462d,c82bdf56-0c80-4468-bf6a-32fa824e0537,/mnt/pangea/Music/Sum 41/Does This Look Infected_/1-02 - Over My Head (Better Off Dead).mp3,,
Sum 41 - Spider-man.mp3,210.3,inbox,,,,,,,,,/mnt/pangea/audio-downloads/Music/Sum 41 - Spider-man.mp3,,
Sum 41 - Still waiting.mp3,157.5,filed,artist+title,Sum 41,Still Waiting,Does This Look Infected?,Sum 41,2002,3ebc1782-e140-3a1a-971e-17826ddf462d,c82bdf56-0c80-4468-bf6a-32fa824e0537,/mnt/pangea/Music/Sum 41/Does This Look Infected_/1-04 - Still Waiting.mp3,,
Sum 41 - Summer.mp3,161.0,filed,artist+title,Sum 41,Summer,Half Hour of Power,Sum 41,2000,32842166-8238-343c-931d-a37d656c77ec,e089d8d8-2a1c-461a-a8a5-0d4faf126df7,/mnt/pangea/Music/Sum 41/Half Hour of Power/06 - Summer.mp3,,
Sum 41 - The hell song.mp3,199.3,filed,artist+title,Sum 41,The Hell Song,Does This Look Infected?,Sum 41,2002,3ebc1782-e140-3a1a-971e-17826ddf462d,c82bdf56-0c80-4468-bf6a-32fa824e0537,/mnt/pangea/Music/Sum 41/Does This Look Infected_/1-01 - The Hell Song.mp3,,
Supadelics - Freak out flat modes supalectro club dub.mp3,441.2,inbox,,,,,,,,,/mnt/pangea/audio-downloads/Music/Supadelics - Freak out flat modes supalectro club dub.mp3,,
Supercharger - Cars and girls d-nox and beckers.mp3,414.0,inbox,,,,,,,,,/mnt/pangea/audio-downloads/Music/Supercharger - Cars and girls d-nox and beckers.mp3,,
System Of A Down - Boom!.mp3,134.9,filed,artist+title,System of a Down,Boom!,Steal This Album!,System Of A Down,2002,3351730c-7853-38f3-8d56-1bf627de4523,e1514123-2b3b-44c2-9615-7bb0117afac5,/mnt/pangea/Music/System of a Down/Steal This Album!/04 - Boom!.mp3,,
System Of A Down - Chop Suey.mp3,210.3,filed,artist+title,System of a Down,Chop Suey!,Toxicity,System of a Down,2001,f50fbcb4-bfcd-3784-b4c9-44f4793e66b2,82f59d38-97bf-4ee4-b6ba-21cb2414ff27,/mnt/pangea/Music/System of a Down/Toxicity/1-06 - Chop Suey!.mp3,,
System Of A Down - Forest.mp3,240.1,filed,artist+title,System of a Down,Forest,Toxicity,System of a Down,2001,f50fbcb4-bfcd-3784-b4c9-44f4793e66b2,82f59d38-97bf-4ee4-b6ba-21cb2414ff27,/mnt/pangea/Music/System of a Down/Toxicity/1-08 - Forest.mp3,,
System Of A Down - Holy Mountains.mp3,328.8,filed,artist+title,System of a Down,Holy Mountains,Hypnotize,System of a Down,2005,72035143-d6ec-308b-8ee5-070b8703902a,47ae093f-1607-49a3-be11-a15d335ccc94,/mnt/pangea/Music/System of a Down/Hypnotize/08 - Holy Mountains.mp3,,
System Of A Down - Mr. Jack.mp3,249.7,filed,artist+title,System of a Down,Mr. Jack,Steal This Album!,System Of A Down,2002,3351730c-7853-38f3-8d56-1bf627de4523,e1514123-2b3b-44c2-9615-7bb0117afac5,/mnt/pangea/Music/System of a Down/Steal This Album!/07 - Mr. Jack.mp3,,
System Of A Down - Psycho.mp3,225.7,filed,artist+title,System of a Down,Psycho,Toxicity,System of a Down,2001,f50fbcb4-bfcd-3784-b4c9-44f4793e66b2,82f59d38-97bf-4ee4-b6ba-21cb2414ff27,/mnt/pangea/Music/System of a Down/Toxicity/1-13 - Psycho.mp3,,
System Of A Down - Science.mp3,162.9,filed,artist+title,System of a Down,Science,Toxicity,System of a Down,2001,f50fbcb4-bfcd-3784-b4c9-44f4793e66b2,82f59d38-97bf-4ee4-b6ba-21cb2414ff27,/mnt/pangea/Music/System of a Down/Toxicity/1-10 - Science.mp3,,
System Of A Down - Soldier Side.mp3,220.3,filed,artist+title,System of a Down,Soldier Side,Hypnotize,System of a Down,2005,72035143-d6ec-308b-8ee5-070b8703902a,47ae093f-1607-49a3-be11-a15d335ccc94,/mnt/pangea/Music/System of a Down/Hypnotize/12 - Soldier Side.mp3,,
System Of A Down - Spiders.mp3,216.4,filed,artist+title,System of a Down,Spiders,System of a Down,System of a Down,1998,97f37409-b91a-3495-8e70-56fd9f7658c2,67c7346a-6cdc-45b8-8a58-e4f6119f8dff,/mnt/pangea/Music/System of a Down/System of a Down/05 - Spiders.mp3,,
System Of A Down - Streamline.mp3,217.7,filed,artist+title,System of a Down,Streamline,Steal This Album!,System Of A Down,2002,3351730c-7853-38f3-8d56-1bf627de4523,e1514123-2b3b-44c2-9615-7bb0117afac5,/mnt/pangea/Music/System of a Down/Steal This Album!/16 - Streamline.mp3,,
System Of A Down - Tentative.mp3,216.6,filed,artist+title,System of a Down,Tentative,Hypnotize,System of a Down,2005,72035143-d6ec-308b-8ee5-070b8703902a,47ae093f-1607-49a3-be11-a15d335ccc94,/mnt/pangea/Music/System of a Down/Hypnotize/06 - Tentative.mp3,,
System Of A Down - Toxicity.mp3,218.9,filed,artist+title,System of a Down,Toxicity,Toxicity,System of a Down,2001,f50fbcb4-bfcd-3784-b4c9-44f4793e66b2,82f59d38-97bf-4ee4-b6ba-21cb2414ff27,/mnt/pangea/Music/System of a Down/Toxicity/1-12 - Toxicity.mp3,,
System Of A Down - Violent Pornography.mp3,215.5,filed,artist+title,System of a Down,Violent Pornography,Mezmerize,System of a Down,2005,8d18c070-adea-353f-a089-cbd2543342dd,d10b1dbb-ebdc-3f66-b8f8-5685fd5ba5d5,/mnt/pangea/Music/System of a Down/Mezmerize/07 - Violent Pornography.mp3,,
T.A.T.U. - All about us.mp3,181.0,filed,artist+title,t.A.T.u.,All About Us,Dangerous and Moving,t.A.T.u.,2005,ed883f10-7fc3-32ea-b3e5-6d8809e6167f,07ba0122-84ea-48cc-9c65-762cd389855d,/mnt/pangea/Music/t.A.T.u/Dangerous and Moving/02 - All About Us.mp3,,
T.A.T.U. - Clowns.mp3,192.3,filed,artist+title,t.A.T.u.,Clowns (Can You See Me Now?),200 Km/H in the Wrong Lane,t.A.T.u.,2002,06b846be-c37a-3b6c-a253-ca0eafd22dae,3da3cf7d-aa72-4de9-bbc7-2574fb8aa144,/mnt/pangea/Music/t.A.T.u/200 Km_H in the Wrong Lane/06 - Clowns (Can You See Me Now_).mp3,,
T.I. - Why you wanna.mp3,217.8,filed,artist+title,T.I.,Why You Wanna,King,T.I.,2006,976904b2-824e-339c-9823-f3d67c8d906c,99cc298b-5e11-4eb7-ba15-91c291113899,/mnt/pangea/Music/T.I/King/07 - Why You Wanna.mp3,,
Take That - Love Love.mp3,222.1,filed,artist+title,Take That,Love Love,Progressed,Take That,2011,dadaa503-5fa5-4650-b2eb-acb5d33c4ad6,aaab4eb2-27ac-4bc1-ae85-2253b207f6f9,/mnt/pangea/Music/Take That/Progressed/1-03 - Love Love.mp3,,
Take That - Patience.mp3,200.9,inbox,,,,,,,,,/mnt/pangea/audio-downloads/Music/Take That - Patience.mp3,,
The B-52 - The Flintstones.mp3,145.1,inbox,,,,,,,,,/mnt/pangea/audio-downloads/Music/The B-52 - The Flintstones.mp3,,
The Beach Boys - Good Vibrations.mp3,219.2,filed,artist+title,The Beach Boys,Good Vibrations,That's Why God Made the Radio: Chronicle Edition,The Beach Boys,2012,899d54db-beff-4c2b-8324-69c1694d7800,4f1b820c-6e5a-45dd-bea5-74f7590c8bd9,/mnt/pangea/Music/The Beach Boys/That's Why God Made the Radio_ Chronicle Edition/1-03 - Good Vibrations.mp3,,
The Beatles - A Hard Days Night.mp3,159.6,inbox,,,,,,,,,/mnt/pangea/audio-downloads/Music/The Beatles - A Hard Days Night.mp3,,
The Beatles - All You Need Is Love.mp3,228.4,filed,artist+title,The Beatles,All You Need Is Love,All You Need Is Love,The Beatles,1967,e9a3fa34-e5f7-3c78-80e2-cf9448cc4d9b,f4b8b5f4-b334-46a0-acf6-356cb77836b7,/mnt/pangea/Music/The Beatles/All You Need Is Love/01 - All You Need Is Love.mp3,,same file as 1 other name(s)
The Beatles - Don't Let Me Down.mp3,198.7,inbox,,,,,,,,,/mnt/pangea/audio-downloads/Music/The Beatles - Don't Let Me Down.mp3,,
The Beatles - Get Back.mp3,191.5,inbox,,,,,,,,,/mnt/pangea/audio-downloads/Music/The Beatles - Get Back.mp3,,
The Beatles - Hey Jude.mp3,424.4,inbox,,,,,,,,,/mnt/pangea/audio-downloads/Music/The Beatles - Hey Jude.mp3,,
The Beatles - I Want To Hold Your Hand.mp3,145.0,filed,artist+title,The Beatles,I Want To Hold Your Hand,Beatlemania,The Beatles,1964,a63dc65f-09f2-359b-a10e-648f00ecd96c,3ce6efda-3e6f-4c1b-8c9c-e70f89a70b88,/mnt/pangea/Music/The Beatles/Beatlemania/01 - I Want To Hold Your Hand.mp3,,
The Beatles - Let It Be.mp3,232.4,filed,artist+title,The Beatles,Let It Be,Let It Be,The Beatles,1970,221ff5cc-d3fa-361f-8fa9-667b31a7ef56,58a12b57-21a0-4646-8770-4b354a13864b,/mnt/pangea/Music/The Beatles/Let It Be/Let It Be.mp3,,same file as 1 other name(s)
The Beatles - Love me do.mp3,140.8,filed,artist+title,The Beatles,Love Me Do,Please Please Me,The Beatles,1963,de208292-8db5-3aed-a14a-b37a84d8c521,b13c7b8f-c04f-435e-80fc-95d15418ec8e,/mnt/pangea/Music/The Beatles/Please Please Me/08 - Love Me Do.mp3,,
The Beatles - The Long and Winding Road.mp3,218.2,inbox,,,,,,,,,/mnt/pangea/audio-downloads/Music/The Beatles - The Long and Winding Road.mp3,,
The Beatles - Ticket to Ride.mp3,192.3,inbox,,,,,,,,,/mnt/pangea/audio-downloads/Music/The Beatles - Ticket to Ride.mp3,,
The Beatles - We Can Work It Out.mp3,135.0,filed,artist+title,The Beatles,We Can Work It Out,Yesterday… and Today,The Beatles,1966,0a4d1024-3463-3c74-8500-ea011bd5d523,40fdd8ff-ec57-4a30-8133-eaabfef1bfdd,/mnt/pangea/Music/The Beatles/Yesterday… and Today/09 - We Can Work It Out.mp3,,
The Beatles - Words Of Love.mp3,134.7,filed,artist+title,The Beatles,Words of Love,Beatles for Sale,The Beatles,1964,f50a3b6f-27f0-3832-bd3f-3568dc557d95,c9f28bf9-3e03-4da2-b0b8-5d76691df7de,/mnt/pangea/Music/The Beatles/Beatles for Sale/09 - Words of Love.mp3,,
The Bloodhound Gang - Uhn tiss uhn tiss uhn tiss.mp3,260.2,inbox,,,,,,,,,/mnt/pangea/audio-downloads/Music/The Bloodhound Gang - Uhn tiss uhn tiss uhn tiss.mp3,,
The Calling - Wherever You Will Go.mp3,207.4,filed,artist+title,The Calling,Wherever You Will Go,Camino Palmero,The Calling,2001,ede20ced-9f32-316a-8440-7efcba4bc2d2,2691dee2-d9ab-4bf4-9d05-8388109592a3,/mnt/pangea/Music/The Calling/Camino Palmero/03 - Wherever You Will Go.mp3,,
The Coral - In the morning.mp3,153.0,filed,artist+title,The Coral,In the Morning,The Invisible Invasion,The Coral,2005,df392fc9-1e50-3c4c-ac88-2fb1861a26fe,9fb29d5b-243a-4336-b9aa-f7f676db2375,/mnt/pangea/Music/The Coral/The Invisible Invasion/06 - In the Morning.mp3,,
The Cramberries - Zombie.mp3,306.2,filed,artist+title,The Cranberries,Zombie,No Need to Argue,The Cranberries,1994,5ece0c50-bb0b-3cdf-90e2-287a60136d69,16348678-6306-415a-b68d-b9322bc6e6fa,/mnt/pangea/Music/The Cranberries/No Need to Argue/04 - Zombie.mp3,,
The Doors - Alabama Song.mp3,199.6,filed,artist+title,The Doors,Alabama Song (Whisky Bar),The Doors,The Doors,1967,8ebffd15-06c3-3b88-a761-ec18c5513287,e19d3c48-d18e-4c31-89a7-12a53d18f302,/mnt/pangea/Music/The Doors/The Doors/05 - Alabama Song (Whisky Bar).mp3,,
The Doors - Light My Fire.mp3,427.3,filed,artist+title,The Doors,Light My Fire,The Doors,The Doors,1967,8ebffd15-06c3-3b88-a761-ec18c5513287,e19d3c48-d18e-4c31-89a7-12a53d18f302,/mnt/pangea/Music/The Doors/The Doors/06 - Light My Fire.mp3,,
The Doors - People Are Strange.mp3,132.5,filed,artist+title,The Doors,People Are Strange (mono),Strange Days,The Doors,1967,9b1acd78-3d19-37bb-8ca0-5816d44da439,ad2fe124-3743-4375-8bb1-fc3baa8b62e0,/mnt/pangea/Music/The Doors/Strange Days/07 - People Are Strange (mono).mp3,,
The Doors - Riders On The Storm.mp3,434.3,filed,artist+title,The Doors,Riders on the Storm,L.A. Woman,The Doors,1971,7be633bd-d1f6-3d89-8939-803ae0ed0de8,09f663a2-828c-4abf-9e43-d1ee2adc592e,/mnt/pangea/Music/The Doors/L.A. Woman/10 - Riders on the Storm.mp3,,
The Doors - The End.mp3,701.4,filed,artist+title,The Doors,The End,The Doors,The Doors,1967,8ebffd15-06c3-3b88-a761-ec18c5513287,e19d3c48-d18e-4c31-89a7-12a53d18f302,/mnt/pangea/Music/The Doors/The Doors/11 - The End.mp3,,
The Doors - Touch Me.mp3,193.0,filed,artist+title,The Doors,Touch Me,The Soft Parade,The Doors,1969,cf90c9a0-4831-3d30-a545-ed77308e807b,a9586311-5ccb-4c80-9740-2a44af53fed0,/mnt/pangea/Music/The Doors/The Soft Parade/02 - Touch Me.mp3,,
The Killers - Mr. Brightside.mp3,259.5,inbox,,,,,,,,,/mnt/pangea/audio-downloads/Music/The Killers - Mr. Brightside.mp3,,
The Naked And Famous - Young Blood.mp3,246.6,filed,artist+title,The Naked and Famous,Young Blood,"Passive Me, Aggressive You",The Naked and Famous,2010,addf4de4-50a1-410e-b4c8-638c596eff78,c6af7def-2048-4263-86d2-3c1a63eef658,"/mnt/pangea/Music/The Naked and Famous/Passive Me, Aggressive You/07 - Young Blood.mp3",,
The Piano Guys - Michael Meets Mozart.mp3,316.2,filed,artist+title,The Piano Guys,Michael Meets Mozart,The Piano Guys,The Piano Guys,2012,2e4579ec-f372-46c8-8786-f2937a6296b0,b66434d0-6473-45ec-acf6-f5c5964fd43d,/mnt/pangea/Music/The Piano Guys/The Piano Guys/10 - Michael Meets Mozart.mp3,,
The Piano Guys - Moonlight.mp3,206.5,filed,artist+title,The Piano Guys,Moonlight,The Piano Guys,The Piano Guys,2012,2e4579ec-f372-46c8-8786-f2937a6296b0,b66434d0-6473-45ec-acf6-f5c5964fd43d,/mnt/pangea/Music/The Piano Guys/The Piano Guys/08 - Moonlight.mp3,,
The Piano Guys - Rock Meets Rachmaninoff.mp3,199.5,filed,artist+title,The Piano Guys,Rock Meets Rachmaninoff,The Piano Guys (Deluxe Edition),The Piano Guys,2013,31b1658d-5722-4520-ba3f-a1399958a7a2,8777d4fa-3f13-48af-bca8-db4d08dea694,/mnt/pangea/Music/The Piano Guys/The Piano Guys (Deluxe Edition)/15 - Rock Meets Rachmaninoff.mp3,,
The Piano Guys - The Cello Song.mp3,196.4,filed,artist+title,The Piano Guys,The Cello Song,The Piano Guys,The Piano Guys,2012,2e4579ec-f372-46c8-8786-f2937a6296b0,b66434d0-6473-45ec-acf6-f5c5964fd43d,/mnt/pangea/Music/The Piano Guys/The Piano Guys/11 - The Cello Song.mp3,,
The Piano Guys - Titanium Pavane.mp3,290.7,filed,artist+title,The Piano Guys,Titanium / Pavane,The Piano Guys,The Piano Guys,2012,2e4579ec-f372-46c8-8786-f2937a6296b0,b66434d0-6473-45ec-acf6-f5c5964fd43d,/mnt/pangea/Music/The Piano Guys/The Piano Guys/01 - Titanium _ Pavane.mp3,,
The Righteous Brother - Unchained Melody.mp3,218.5,filed,artist+title,The Righteous Brothers,Unchained Melody,Just Once In My Life,The Righteous Brothers,1965,8da1441d-fc54-46a2-a244-7d3caa11fee6,631ae1ca-6287-40b3-b227-2f6b2f0d64de,/mnt/pangea/Music/The Righteous Brothers/Just Once In My Life/03 - Unchained Melody.mp3,,
The Who - Baba O'Riley.mp3,309.4,filed,artist+title,The Who,Baba O’Riley,Who’s Next,The Who,1971,9584e28b-66a7-3846-8d52-b3008a283539,8c0f0459-3c44-4d00-b8d5-d21cd0b1648d,/mnt/pangea/Music/The Who/Who’s Next/01 - Baba O’Riley.mp3,,
The Who - Teenage Wasteland - CSI New York.mp3,308.7,inbox,,,,,,,,,/mnt/pangea/audio-downloads/Music/The Who - Teenage Wasteland - CSI New York.mp3,,
The Who - Who are you - CSI Las Vegas.mp3,303.4,filed,artist+title,The Who,Who Are You,Who Are You / Had Enough,The Who,1978,5e07cd22-6acd-4621-9650-e0ba7688da38,407339d7-c2b9-49db-8c0d-61800826617e,/mnt/pangea/Music/The Who/Who Are You _ Had Enough/01 - Who Are You.mp3,,
The Who - Won't get fooled again - CSI Miami.mp3,512.7,filed,artist+title,The Who,Won't Get Fooled Again,Who’s Next | Life House,The Who,2023,9584e28b-66a7-3846-8d52-b3008a283539,74c4f26e-a3ca-4b9d-8600-3905415d31a3,/mnt/pangea/Music/The Who/Who’s Next _ Life House/11-18 - Won't Get Fooled Again.mp3,,
Tiziano Ferro - Imbranato.mp3,302.4,filed,artist+title,Tiziano Ferro,Imbranato,Rosso relativo,Tiziano Ferro,2001,74be65c4-251d-3231-901b-6a3ba2e7ebaa,e122e973-c3c9-460f-af59-b311ba44d5f5,/mnt/pangea/Music/Tiziano Ferro/Rosso relativo/04 - Imbranato.mp3,,
Tiziano Ferro - Non me lo so spiegare.mp3,240.3,filed,artist+title,Tiziano Ferro,Non me lo so spiegare,111 Centoundici,Tiziano Ferro,2003,eb5dbdfc-05f1-361d-bed8-940eb559e301,4479eaed-dca9-4b3a-8edd-6d4c35a359a7,/mnt/pangea/Music/Tiziano Ferro/111 Centoundici/06 - Non me lo so spiegare.mp3,,
Tiziano Ferro - Sere nere.mp3,265.0,filed,artist+title,Tiziano Ferro,Sere nere,111 Centoundici,Tiziano Ferro,2003,eb5dbdfc-05f1-361d-bed8-940eb559e301,4479eaed-dca9-4b3a-8edd-6d4c35a359a7,/mnt/pangea/Music/Tiziano Ferro/111 Centoundici/03 - Sere nere.mp3,,
Tiziano Ferro - Ti voglio bene.mp3,288.4,filed,artist+title,Tiziano Ferro,Ti voglio bene,111 Ciento once,Tiziano Ferro,2003,eb5dbdfc-05f1-361d-bed8-940eb559e301,9244292b-4da4-47ff-b02b-ea407d5830e7,/mnt/pangea/Music/Tiziano Ferro/111 Ciento once/04 - Ti voglio bene.mp3,,
Tony Tammaro - 'O trerrote.mp3,145.2,filed,artist+title,Tony Tammaro,'O trerrote,Monnezzarium,Tony Tammaro,1997,09fe3191-a838-4edb-8223-114cee544da3,26fe73a4-84bc-40cd-9c09-d9dd5934ab57,/mnt/pangea/Music/Tony Tammaro/Monnezzarium/06 - 'O trerrote.mp3,,
Tony Tammaro - 127 blu.mp3,178.6,inbox,,,,,,,,,/mnt/pangea/audio-downloads/Music/Tony Tammaro - 127 blu.mp3,,
Tony Tammaro - A casa per le sette.mp3,129.6,filed,artist+title,Tony Tammaro,A casa per le sette,Da granto farò il cantanto,Tony Tammaro,1992,3ae177e6-d3ba-4962-936c-f318ab0ab82b,53fe1d6d-017c-4ec9-8310-feef50910c32,/mnt/pangea/Music/Tony Tammaro/Da granto farò il cantanto/04 - A casa per le sette.mp3,,
Tony Tammaro - A cinquecento.mp3,160.4,filed,artist+title,Tony Tammaro,'A cinquecento,Prima cassetta di musica tamarra,Tony Tammaro,1989,77c42aba-784d-4f48-aefa-b3c9a4103e54,4eac2611-0856-4987-a93e-996943e6c2dc,/mnt/pangea/Music/Tony Tammaro/Prima cassetta di musica tamarra/04 - 'A cinquecento.mp3,,
Tony Tammaro - Al cafone.mp3,108.9,filed,artist+title,Tony Tammaro,Al Cafone,Da granto farò il cantanto,Tony Tammaro,1992,3ae177e6-d3ba-4962-936c-f318ab0ab82b,53fe1d6d-017c-4ec9-8310-feef50910c32,/mnt/pangea/Music/Tony Tammaro/Da granto farò il cantanto/10 - Al Cafone.mp3,,
Tony Tammaro - Alla fiera dell'est.mp3,139.7,inbox,,,,,,,,,/mnt/pangea/audio-downloads/Music/Tony Tammaro - Alla fiera dell'est.mp3,,
Tony Tammaro - Anni '60.mp3,346.9,inbox,,,,,,,,,/mnt/pangea/audio-downloads/Music/Tony Tammaro - Anni '60.mp3,,
Tony Tammaro - Bottana.mp3,195.9,inbox,,,,,,,,,/mnt/pangea/audio-downloads/Music/Tony Tammaro - Bottana.mp3,,
Tony Tammaro - Chat line.mp3,222.1,filed,artist+title,Tony Tammaro,Chat Line,Monnezzarium,Tony Tammaro,1997,09fe3191-a838-4edb-8223-114cee544da3,26fe73a4-84bc-40cd-9c09-d9dd5934ab57,/mnt/pangea/Music/Tony Tammaro/Monnezzarium/01 - Chat Line.mp3,,
Tony Tammaro - Che tamarro.mp3,635.4,inbox,,,,,,,,,/mnt/pangea/audio-downloads/Music/Tony Tammaro - Che tamarro.mp3,,
Tony Tammaro - Chiatta.mp3,241.3,inbox,,,,,,,,,/mnt/pangea/audio-downloads/Music/Tony Tammaro - Chiatta.mp3,,
Tony Tammaro - Ciakkami.mp3,312.0,inbox,,,,,,,,,/mnt/pangea/audio-downloads/Music/Tony Tammaro - Ciakkami.mp3,,
Tony Tammaro - Fidanzati in casa.mp3,154.4,filed,artist+title,Tony Tammaro,Fidanzati in casa,Da granto farò il cantanto,Tony Tammaro,1992,3ae177e6-d3ba-4962-936c-f318ab0ab82b,53fe1d6d-017c-4ec9-8310-feef50910c32,/mnt/pangea/Music/Tony Tammaro/Da granto farò il cantanto/09 - Fidanzati in casa.mp3,,
Tony Tammaro - Il mozzarelista.MP3,198.0,filed,artist+title,Tony Tammaro,Il mozzarellista,Nun chiagnere Marì,Tony Tammaro,1991,cefc7c3b-4808-4300-a3e1-6e443a98e7a4,d5a62884-2991-4a50-b79f-b0bd9818fa0c,/mnt/pangea/Music/Tony Tammaro/Nun chiagnere Marì/05 - Il mozzarellista.mp3,,
Tony Tammaro - Il rock dei tamarri.mp3,120.8,filed,artist+title,Tony Tammaro,Il rock dei tamarri,Prima cassetta di musica tamarra,Tony Tammaro,1989,77c42aba-784d-4f48-aefa-b3c9a4103e54,4eac2611-0856-4987-a93e-996943e6c2dc,/mnt/pangea/Music/Tony Tammaro/Prima cassetta di musica tamarra/10 - Il rock dei tamarri.mp3,,
Tony Tammaro - L'animale.mp3,165.1,filed,artist+title,Tony Tammaro,L'Animale,Nun chiagnere Marì,Tony Tammaro,1991,cefc7c3b-4808-4300-a3e1-6e443a98e7a4,d5a62884-2991-4a50-b79f-b0bd9818fa0c,/mnt/pangea/Music/Tony Tammaro/Nun chiagnere Marì/02 - L'Animale.mp3,,
Tony Tammaro - Mio fratello fuma a scrocco.mp3,87.6,filed,artist+title,Tony Tammaro,Mio fratello fuma a scrock,Da granto farò il cantanto,Tony Tammaro,1992,3ae177e6-d3ba-4962-936c-f318ab0ab82b,53fe1d6d-017c-4ec9-8310-feef50910c32,/mnt/pangea/Music/Tony Tammaro/Da granto farò il cantanto/05 - Mio fratello fuma a scrock.mp3,,
Tony Tammaro - Nella vecchia fattoria.mp3,90.5,inbox,,,,,,,,,/mnt/pangea/audio-downloads/Music/Tony Tammaro - Nella vecchia fattoria.mp3,,
Tony Tammaro - Non chiamarmi Annarella.mp3,212.3,filed,artist+title,Tony Tammaro,Non chiamarmi Annarella,The Dark Side of the Moonnezz,Tony Tammaro,2005,fb106fe5-b6b1-30e5-90c9-16425ef8e99a,68e4b2da-02d6-42ff-9f81-e97cccec497a,/mnt/pangea/Music/Tony Tammaro/The Dark Side of the Moonnezz/01 - Non chiamarmi Annarella.mp3,,
Tony Tammaro - Patrizia.mp3,149.0,inbox,,,,,,,,,/mnt/pangea/audio-downloads/Music/Tony Tammaro - Patrizia.mp3,,
Tony Tammaro - Quark (pubblicità).mp3,77.6,inbox,,,,,,,,,/mnt/pangea/audio-downloads/Music/Tony Tammaro - Quark (pubblicità).mp3,,
Tony Tammaro - Quelli con la panza.mp3,180.8,inbox,,,,,,,,,/mnt/pangea/audio-downloads/Music/Tony Tammaro - Quelli con la panza.mp3,,
Tony Tammaro - Scalea.mp3,110.7,filed,artist+title,Tony Tammaro,Scalea,Da granto farò il cantanto,Tony Tammaro,1992,3ae177e6-d3ba-4962-936c-f318ab0ab82b,53fe1d6d-017c-4ec9-8310-feef50910c32,/mnt/pangea/Music/Tony Tammaro/Da granto farò il cantanto/01 - Scalea.mp3,,
Tony Tammaro - Scarication telephone.mp3,187.7,filed,artist+title,Tony Tammaro,Scarication telephon,The Dark Side of the Moonnezz,Tony Tammaro,2005,fb106fe5-b6b1-30e5-90c9-16425ef8e99a,68e4b2da-02d6-42ff-9f81-e97cccec497a,/mnt/pangea/Music/Tony Tammaro/The Dark Side of the Moonnezz/02 - Scarication telephon.mp3,,
Tony Tammaro - Se potrei avere te.MP3,143.7,inbox,,,,,,,,,/mnt/pangea/audio-downloads/Music/Tony Tammaro - Se potrei avere te.MP3,,
Tony Tammaro - Squallor - Bastoncini fincus.mp3,29.0,inbox,,,,,,,,,/mnt/pangea/audio-downloads/Music/Tony Tammaro - Squallor - Bastoncini fincus.mp3,,
Tony Tammaro - Supersantos.mp3,263.3,filed,artist+title,Tony Tammaro,Supersantos,The Dark Side of the Moonnezz,Tony Tammaro,2005,fb106fe5-b6b1-30e5-90c9-16425ef8e99a,68e4b2da-02d6-42ff-9f81-e97cccec497a,/mnt/pangea/Music/Tony Tammaro/The Dark Side of the Moonnezz/10 - Supersantos.mp3,,
Tony Tammaro - Teorema.mp3,136.8,filed,artist+title,Tony Tammaro,Teorema,Da granto farò il cantanto,Tony Tammaro,1992,3ae177e6-d3ba-4962-936c-f318ab0ab82b,53fe1d6d-017c-4ec9-8310-feef50910c32,/mnt/pangea/Music/Tony Tammaro/Da granto farò il cantanto/07 - Teorema.mp3,,
Tony Tammaro - Tiene e' ccorna!.mp3,209.1,inbox,,,,,,,,,/mnt/pangea/audio-downloads/Music/Tony Tammaro - Tiene e' ccorna!.mp3,,
Tony Tammaro - Un'altra guerra.mp3,310.1,inbox,,,,,,,,,/mnt/pangea/audio-downloads/Music/Tony Tammaro - Un'altra guerra.mp3,,
Tony Tammaro - Vieni già mangiato.mp3,183.7,inbox,,,,,,,,,/mnt/pangea/audio-downloads/Music/Tony Tammaro - Vieni già mangiato.mp3,,
Tony Tammaro - Volo di un cazettino.mp3,210.8,filed,artist+title,Tony Tammaro,Volo di un cazettino,Nun chiagnere Marì,Tony Tammaro,1991,cefc7c3b-4808-4300-a3e1-6e443a98e7a4,d5a62884-2991-4a50-b79f-b0bd9818fa0c,/mnt/pangea/Music/Tony Tammaro/Nun chiagnere Marì/03 - Volo di un cazettino.mp3,,
Toto Cutugno - Lasciatemi cantare.mp3,239.3,inbox,,,,,,,,,/mnt/pangea/audio-downloads/Music/Toto Cutugno - Lasciatemi cantare.mp3,,
Trick and Kubic & Valeska - Easy lectrostar.mp3,476.3,filed,artist only,Trick & Kubic feat. Valeska,Easy (Lectrostar remix),Easy,Trick & Kubic,2006,2c00cc86-bef8-39d9-a17b-fd5830d6dd65,35b08209-7024-4788-a65d-d436b4c3ea06,/mnt/pangea/Music/Trick & Kubic/Easy/04 - Easy (Lectrostar remix).mp3,,
Tube and Berger - No control tim le el.mp3,437.2,inbox,,,,,,,,,/mnt/pangea/audio-downloads/Music/Tube and Berger - No control tim le el.mp3,,
U2 & Green Day - The saints are coming.mp3,202.8,filed,artist+title,U2 and Green Day,The Saints Are Coming,Window in the Skies,U2,2007,83328584-fe88-397d-ad9d-130db5ed8e49,84a97386-a3dc-40e3-a3aa-ffe5c64401f7,/mnt/pangea/Music/U2/Window in the Skies/02 - The Saints Are Coming.mp3,,
U2 & Mary J Blige - One.mp3,260.5,filed,artist+title,U2 and Mary J. Blige,One,The Breakthrough,Mary J. Blige,2005,4f024258-40d4-3275-a22f-b10ca95e57ea,38486173-645f-4096-8103-cd51fe192ae1,/mnt/pangea/Music/Mary J. Blige/The Breakthrough/16 - One.mp3,,
U2 -  Elevation.mp3,216.9,inbox,,,,,,,,,/mnt/pangea/audio-downloads/Music/U2 -  Elevation.mp3,,
U2 - Sometimes you can't make it on your own.mp3,308.9,filed,artist+title,U2,Sometimes You Can’t Make It on Your Own,How to Dismantle an Atomic Bomb,U2,2004,3ab33753-c16f-3e44-ae67-2fba4fd0e823,75f75bd0-ddab-4393-afcc-0cd2114b5503,/mnt/pangea/Music/U2/How to Dismantle an Atomic Bomb/03 - Sometimes You Can’t Make It on Your Own.mp3,,
U2 - Sunday bloody sunday.mp3,279.1,filed,artist+title,U2,Sunday Bloody Sunday,War,U2,1983,c6b36664-7e60-3b3e-a24d-d096c67a11e9,cb5faec1-5f5e-4f50-aa0d-7c525095ff2d,/mnt/pangea/Music/U2/War/01 - Sunday Bloody Sunday.mp3,,
U2 - The sweetest thing.mp3,182.0,filed,artist+title,U2,Sweetest Thing,The Joshua Tree,U2,2007,6f3e9fa6-be7a-3de8-a2b2-2072ece8a54d,88172719-d07a-345e-9fe8-c51b361891d9,/mnt/pangea/Music/U2/The Joshua Tree/2-06 - Sweetest Thing.mp3,,
Umberto Tozzi & Cerena - Toi Tu.mp3,181.3,inbox,,,,,,,,,/mnt/pangea/audio-downloads/Music/Umberto Tozzi & Cerena - Toi Tu.mp3,,
Uncle Jed - Brother.mp3,282.8,filed,artist+title,Uncle Jed,Brother,Brother,Uncle Jed,,b79f90ef-d661-4dd7-9bcc-ea78e77e7a13,359e8334-9ae2-4672-acfb-d569c95ad990,/mnt/pangea/Music/Uncle Jed/Brother/01 - Brother.mp3,,
Underworld - Born Slippy Nuxx.mp3,454.0,inbox,,,,,,,,,/mnt/pangea/audio-downloads/Music/Underworld - Born Slippy Nuxx.mp3,,
Usa For Africa - We Are The World.mp3,441.3,filed,artist+title,USA for Africa,We Are the World (special version),We Are the World,USA for Africa,1985,85480bb3-40dc-34d8-b106-0a9470f13a73,3169201b-9c93-455e-8739-df5341a1a661,/mnt/pangea/Music/USA for Africa/We Are the World/01 - We Are the World (special version).mp3,,
Vanessa Wind - Ich lebe.mp3,207.8,inbox,,,,,,,,,/mnt/pangea/audio-downloads/Music/Vanessa Wind - Ich lebe.mp3,,
Vasco Rossi - Come stai.mp3,261.0,filed,artist+title,Vasco Rossi,Come Stai,Buoni o cattivi,Vasco Rossi,2004,9191ac97-edee-3987-b3e9-f63c0321f06f,9b68a807-49ec-41f1-bf75-d4628654700d,/mnt/pangea/Music/Vasco Rossi/Buoni o cattivi/02 - Come Stai.mp3,,
Vasco Rossi - Senza parole.mp3,283.6,filed,artist+title,Vasco Rossi,Senza parole,Il supervissuto,Vasco Rossi,2023,1fdec94b-5e00-410b-afe4-09de68855217,fb2501c4-371b-4849-84d4-b06a0b3999fe,/mnt/pangea/Music/Vasco Rossi/Il supervissuto/29 - Senza parole.mp3,,
Vasco Rossi - Un senso.mp3,247.8,filed,artist+title,Vasco Rossi,Un Senso,Buoni o cattivi,Vasco Rossi,2004,9191ac97-edee-3987-b3e9-f63c0321f06f,9b68a807-49ec-41f1-bf75-d4628654700d,/mnt/pangea/Music/Vasco Rossi/Buoni o cattivi/12 - Un Senso.mp3,,
Velvet Revolver -  Big machine.mp3,265.5,filed,artist+title,Velvet Revolver,Big Machine,Contraband,Velvet Revolver,2004,0dee8f91-e4a6-3891-9ec3-b014b403e65c,ef52756d-b4a6-4754-b451-4b1d2c189772,/mnt/pangea/Music/Velvet Revolver/Contraband/03 - Big Machine.mp3,,
"Velvet Revolver - Come on, come in.mp3",230.8,inbox,,,,,,,,,"/mnt/pangea/audio-downloads/Music/Velvet Revolver - Come on, come in.mp3",,
Velvet Revolver - Fall to pieces.mp3,270.8,filed,artist+title,Velvet Revolver,Fall to Pieces,Contraband,Velvet Revolver,2004,0dee8f91-e4a6-3891-9ec3-b014b403e65c,ef52756d-b4a6-4754-b451-4b1d2c189772,/mnt/pangea/Music/Velvet Revolver/Contraband/06 - Fall to Pieces.mp3,,
Velvet Revolver - Headspace.mp3,222.9,filed,artist+title,Velvet Revolver,Headspace,Contraband,Velvet Revolver,2004,0dee8f91-e4a6-3891-9ec3-b014b403e65c,ef52756d-b4a6-4754-b451-4b1d2c189772,/mnt/pangea/Music/Velvet Revolver/Contraband/07 - Headspace.mp3,,
Velvet Revolver - Set me free.mp3,248.0,filed,artist+title,Velvet Revolver,Set Me Free,Contraband,Velvet Revolver,2004,0dee8f91-e4a6-3891-9ec3-b014b403e65c,ef52756d-b4a6-4754-b451-4b1d2c189772,/mnt/pangea/Music/Velvet Revolver/Contraband/09 - Set Me Free.mp3,,
Velvet Revolver- Slither.mp3,249.4,filed,artist+title,Velvet Revolver,Slither,Contraband,Velvet Revolver,2004,0dee8f91-e4a6-3891-9ec3-b014b403e65c,ef52756d-b4a6-4754-b451-4b1d2c189772,/mnt/pangea/Music/Velvet Revolver/Contraband/11 - Slither.mp3,,
Vertical Horizon - I'm still here.mp3,231.3,filed,artist+title,Vertical Horizon,I’m Still Here,Go,Vertical Horizon,2003,a0f058ce-c177-337b-af2d-3b608e639112,02b61607-41f3-40fd-b206-2794f26c08f7,/mnt/pangea/Music/Vertical Horizon/Go/02 - I’m Still Here.mp3,,
Vibrazioni - Dedicato a te.mp3,210.1,inbox,,,,,,,,,/mnt/pangea/audio-downloads/Music/Vibrazioni - Dedicato a te.mp3,,
Vinylshakerz - One night in Bangkok.mp3,321.0,inbox,,,,,,,,,/mnt/pangea/audio-downloads/Music/Vinylshakerz - One night in Bangkok.mp3,,
WWE - Big Show - The big show.mp3,184.4,inbox,,,,,,,,,/mnt/pangea/audio-downloads/Music/WWE - Big Show - The big show.mp3,,
WWE - Carlito - Carribean cool.mp3,216.2,inbox,,,,,,,,,/mnt/pangea/audio-downloads/Music/WWE - Carlito - Carribean cool.mp3,,
"WWE - Eddie Guerrero - I lie, I cheat, I steal.mp3",136.6,inbox,,,,,,,,,"/mnt/pangea/audio-downloads/Music/WWE - Eddie Guerrero - I lie, I cheat, I steal.mp3",,
WWE - The Undertaker - Graveyard symphony.mp3,193.2,inbox,,,,,,,,,/mnt/pangea/audio-downloads/Music/WWE - The Undertaker - Graveyard symphony.mp3,,
WWE - Triple H - King of kings.mp3,209.5,inbox,,,,,,,,,/mnt/pangea/audio-downloads/Music/WWE - Triple H - King of kings.mp3,,
WWE - Triple H - Play the game.mp3,210.9,inbox,,,,,,,,,/mnt/pangea/audio-downloads/Music/WWE - Triple H - Play the game.mp3,,
Wess & Dori Ghezzi - Un corpo e un'anima.mp3,226.7,filed,artist+title,Wess & Dori Ghezzi,Un corpo e un'anima,Un corpo e un'anima,Wess & Dori Ghezzi,1974,ee187dfe-2120-40fe-8d52-ffffde7135bc,0274ad90-7890-410d-ab2f-9e9debe775eb,/mnt/pangea/Music/Wess & Dori Ghezzi/Un corpo e un'anima/01 - Un corpo e un'anima.mp3,,
Whitney Houston - All At Once.mp3,267.9,filed,artist+title,Whitney Houston,All at Once,Whitney Houston,Whitney Houston,1985,131d12c0-e720-31df-a2f9-d9abd868ceaf,b02a2206-57a0-40ec-ab14-de0fb741773e,/mnt/pangea/Music/Whitney Houston/Whitney Houston/07 - All at Once.mp3,,
Whitney Houston - I Have Nothing.mp3,294.5,filed,artist+title,Whitney Houston,I Have Nothing,The Bodyguard (Original Soundtrack Album),Whitney Houston,1992,95a67a17-5253-4b76-b84d-cdc0c76f547f,c48c1ca0-b7f9-43a6-88ad-dfe6d977058b,/mnt/pangea/Music/Whitney Houston/The Bodyguard (Original Soundtrack Album)/02 - I Have Nothing.mp3,,
Whitney Houston - I Wanna Dance With Somebody.mp3,289.9,filed,artist+title,Whitney Houston,I Wanna Dance With Somebody (Who Loves Me),Whitney,Whitney Houston,1987,4f5bfc50-7a41-385e-9961-3db0feaec430,7f6c47ab-b88a-4928-adf9-52016c77015d,/mnt/pangea/Music/Whitney Houston/Whitney/01 - I Wanna Dance With Somebody (Who Loves Me).mp3,,
Whitney Houston - I Will Always Love You.mp3,273.0,filed,artist+title,Whitney Houston,I Will Always Love You,Heartbreak Hotel,Whitney Houston featuring Faith Evans and Kelly Price,2000,2fd33e92-6b89-357a-a0c0-5507306f673c,af129b77-63f8-45ff-9fdd-0d69006240e6,/mnt/pangea/Music/Whitney Houston featuring Faith Evans and Kelly Price/Heartbreak Hotel/05 - I Will Always Love You.mp3,,
Whitney Houston - My love is your love.mp3,260.9,filed,artist+title,Whitney Houston,My Love Is Your Love,My Love Is Your Love,Whitney Houston,1998,5c246f3c-46cb-3218-a8c4-ac98cbf9326d,4217dfcd-0ef0-49e1-8728-ba79f767abdd,/mnt/pangea/Music/Whitney Houston/My Love Is Your Love/03 - My Love Is Your Love.mp3,,
Whitney Houston - One Moment In Time.mp3,287.8,filed,artist+title,Whitney Houston with the London Symphony Orchestra,One Moment in Time,One Moment in Time,Whitney Houston,1988,68929b44-1eec-4956-b16d-e1b97ef49dec,2d4a6dd2-2c02-4d96-8f0f-d497e8eaeb03,/mnt/pangea/Music/Whitney Houston/One Moment in Time/01 - One Moment in Time.mp3,,
Will.I.Am & Britney Spears - Scream & Shout.mp3,291.4,filed,artist+title,will.i.am & Britney Spears,Scream & Shout,#willpower,will.i.am,2013,9dc491dc-96ae-4aa3-ae5d-1cd695496fae,5391d4db-13c7-4bb5-a671-209a3a00a7ec,/mnt/pangea/Music/will.i.am/#willpower/04 - Scream & Shout.mp3,,
Will.I.Am & Eva Simons - This Is Love.mp3,296.3,inbox,,,,,,,,,/mnt/pangea/audio-downloads/Music/Will.I.Am & Eva Simons - This Is Love.mp3,,
Will.I.Am & The Script - Hall Of Fame.mp3,196.7,filed,title only,The Script featuring will.i.am,Hall of Fame,#3,The Script,2012,79ff9689-de0d-4cfc-a7e2-55107a8da0d5,b530a594-168c-4113-8e27-b5cb0d6de576,/mnt/pangea/Music/The Script/#3/03 - Hall of Fame.mp3,,
Will.I.Am - Bang Bang.mp3,279.1,filed,artist+title,will.i.am,Bang Bang,#willpower,will.i.am,2013,9dc491dc-96ae-4aa3-ae5d-1cd695496fae,2fb41fde-d76d-4a80-afe8-a4761de22b53,/mnt/pangea/Music/will.i.am/#willpower/18 - Bang Bang.mp3,,
Wilson Simonal - I like to move it.mp3,231.9,inbox,,,,,,,,,/mnt/pangea/audio-downloads/Music/Wilson Simonal - I like to move it.mp3,,
Within Temptation & Evanescence - Restless.mp3,365.5,filed,artist+title,Within Temptation,Restless,Enter,Within Temptation,1997,85c8e65e-8db3-375e-bdfd-4a8e9389c5e9,68a8223b-872d-465d-a86c-9c54f0b9910b,/mnt/pangea/Music/Within Temptation/Enter/01 - Restless.mp3,,
Within Temptation - Somewhere.mp3,253.5,filed,artist+title,Within Temptation,Somewhere,The Silent Force,Within Temptation,2004,1f4ba532-37a5-33fb-ac01-b32f4fad7c5d,0e27858e-eca8-47f1-a6d3-77574f46bb57,/mnt/pangea/Music/Within Temptation/The Silent Force/11 - Somewhere.mp3,,
Wonderland Avenue - White horse mike monday.mp3,365.2,inbox,,,,,,,,,/mnt/pangea/audio-downloads/Music/Wonderland Avenue - White horse mike monday.mp3,,
York - On the beach.mp3,412.0,inbox,,,,,,,,,/mnt/pangea/audio-downloads/Music/York - On the beach.mp3,,
Zedd & Foxes - Clarity.mp3,271.8,filed,artist+title,Zedd feat. Foxes,Clarity,Clarity,Zedd,2012,5126b6eb-5132-4c69-bc4d-8927a74d78f3,a3c21a88-2e13-4aaf-b2e5-1baf7a471eda,/mnt/pangea/Music/Zedd/Clarity/05 - Clarity.mp3,,
Zucchero - Bacco perbacco.mp3,227.8,inbox,,,,,,,,,/mnt/pangea/audio-downloads/Music/Zucchero - Bacco perbacco.mp3,,
Zucchero - Baila morena.mp3,247.3,filed,artist+title,Zucchero with Maná,Baila morena,Shake,Zucchero,2001,ecd62ccb-cbf0-3cf2-95ff-7648c811efe0,7a6ef4c3-a10c-427a-9cad-721e74fbc803,/mnt/pangea/Music/Zucchero/Shake/12 - Baila morena.mp3,,
Zucchero - Diamante.mp3,352.1,filed,artist+title,Zucchero,Diamante,Diamante,Zucchero,1991,f497cadf-5d97-33af-8cfc-4bf0e7e33fe2,f54c04f1-0fef-456f-a63a-156d10a69781,/mnt/pangea/Music/Zucchero/Diamante/02 - Diamante.mp3,,
Zucchero - Donne.mp3,211.1,filed,artist+title,Zucchero & The Randy Jackson Band,Donne,Zucchero & The Randy Jackson Band,Zucchero & The Randy Jackson Band,1985,c14613d3-1273-3946-8a8b-90d7dacca617,7f020497-7c14-4869-9850-f4b26f7619d8,/mnt/pangea/Music/Zucchero & The Randy Jackson Band/Zucchero & The Randy Jackson Band/01 - Donne.mp3,,
Zucchero - Fly.mp3,219.2,filed,artist only,Zucchero,Occhi,Occhi,Zucchero,2006,e679f120-ead3-418c-a8dd-ed5b9ff1abf1,6ada9f00-c899-4ea0-aa9d-49ba00a09500,/mnt/pangea/Music/Zucchero/Occhi/01 - Occhi.mp3,,
Zucchero - Indaco dagli occhi del cielo.mp3,243.6,inbox,,,,,,,,,/mnt/pangea/audio-downloads/Music/Zucchero - Indaco dagli occhi del cielo.mp3,,
